date,symbol,name,price,iv,low_pred,high_pred,actual_high,actual_low,result
2026-02-15,GLD,🏆 黄金,462.6199951171875,0.2502516381835937,455.38428189002735,469.8557083443477,,,
2026-02-15,USO,🛢️ 原油,76.22000122070312,0.3481510498046875,74.56149663063422,77.87850581077203,,,
2026-02-15,UNG,🔥 天然气,12.4399995803833,0.6992217578125001,11.896354682021904,12.9836444787447,,,
2026-02-15,SPY,📈 标普500,681.75,0.1444787701416015,675.5938499034977,687.9061500965023,,,
2026-02-15,QQQ,💻 纳指100,601.9199829101562,0.1809163940429687,595.1139083594993,608.7260574608132,,,
2026-02-15,DIA,🏭 道琼斯,495.2799987792969,0.1680991394042969,490.0764899318618,500.4835076267319,,,
2026-02-16,GLD,🏆 黄金,462.6199951171875,0.288947540283203,454.26543826250384,470.9745519718712,,,
2026-02-16,USO,🛢️ 原油,76.22000122070312,0.4018614501953125,74.30563370667561,78.13436873473064,,,
2026-02-16,UNG,🔥 天然气,12.4399995803833,0.8085956640624999,11.811316472780971,13.068682687985628,,,
2026-02-16,SPY,📈 标普500,681.75,0.1770101831054687,674.2077067292404,689.2922932707596,,,
2026-02-16,QQQ,💻 纳指100,601.9199829101562,0.2216264361572265,593.582396618644,610.2575692016685,,,
2026-02-16,DIA,🏭 道琼斯,495.2799987792969,0.1842122595214843,489.5777082998636,500.9822892587301,,,
2026-02-17,GLD,🏆 黄金,446.4500122070313,0.3811097045898437,435.8158601903841,457.0841642236784,451.3699951171875,445.5299987792969,WIN
2026-02-17,USO,🛢️ 原油,75.375,0.5732464550781251,72.6744717780304,78.0755282219696,76.4800033569336,75.18000030517578,WIN
2026-02-17,UNG,🔥 天然气,11.960000038146973,0.507817421875,11.58040651408468,12.339593562209268,12.039999961853027,11.789999961853027,WIN
2026-02-17,SPY,📈 标普500,676.6300048828125,0.2070391796874999,667.874447310132,685.385562455493,684.9400024414062,675.780029296875,WIN
2026-02-17,QQQ,💻 纳指100,594.3599853515625,0.256843369140625,584.8188965315583,603.9010741715667,603.9500122070312,593.3400268554688,LOSS
2026-02-17,DIA,🏭 道琼斯,492.6499938964844,0.236763003540039,485.3599131309273,499.9400746620415,497.5700073242188,492.1099853515625,WIN
2026-02-18,GLD,🏆 黄金,459.7000122070313,0.1765219067382812,454.6283170393815,464.771707374681,460.510009765625,455.3200073242188,WIN
2026-02-18,USO,🛢️ 原油,78.05999755859375,0.3164130859374999,76.51629726385698,79.60369785333052,79.62999725341797,77.8499984741211,LOSS
2026-02-18,UNG,🔥 天然气,11.710000038146973,0.6796907031250001,11.212551403176857,12.20744867311709,11.899999618530272,11.539999961853027,WIN
2026-02-18,SPY,📈 标普500,687.75,0.1174404663085937,682.7018949560165,692.7981050439835,689.1500244140625,682.8300170898438,WIN
2026-02-18,QQQ,💻 纳指100,607.760009765625,0.1403894555664062,602.4273162102481,613.0927033210019,609.77001953125,600.719970703125,LOSS
2026-02-18,DIA,🏭 道琼斯,498.75,0.1381922119140625,494.4422896442413,503.0577103557587,499.3399963378906,494.6499938964844,WIN
2026-02-19,GLD,🏆 黄金,461.3200073242188,0.1700522448730469,456.41697589607287,466.22303875236463,461.510009765625,456.0299987792969,LOSS
2026-02-19,USO,🛢️ 原油,80.66500091552734,0.367193828125,78.8137702604099,82.51623157064479,81.2699966430664,79.69000244140625,WIN
2026-02-19,UNG,🔥 天然气,11.829999923706056,0.773439765625,11.25813790068512,12.40186194672699,12.079999923706056,11.779999732971191,WIN
2026-02-19,SPY,📈 标普500,685.3800048828125,0.1239101281738281,680.072159617012,690.687850148613,686.1799926757812,681.5499877929688,WIN
2026-02-19,QQQ,💻 纳指100,604.6199951171875,0.1765219067382812,597.9494529678014,611.2905372665736,605.8200073242188,600.75,WIN
2026-02-19,DIA,🏭 道琼斯,496.4500122070313,0.0910735424804687,493.6241708772709,499.27585353679166,496.489990234375,492.4100036621094,LOSS
2026-02-20,GLD,🏆 黄金,461.5105895996094,0.3859924682617187,450.3768638740797,472.644315325139,468.6199951171875,458.3399963378906,WIN
2026-02-20,USO,🛢️ 原油,80.58000183105469,0.3222724023437499,78.95695740786982,82.20304625423955,81.23999786376953,80.16999816894531,WIN
2026-02-20,UNG,🔥 天然气,11.949999809265137,0.37500625,11.66991702076681,12.230082597763465,12.369999885559082,11.8100004196167,LOSS
2026-02-20,SPY,📈 标普500,687.280517578125,0.0534762622070312,684.983443005138,689.577592151112,690.0599975585938,681.72998046875,LOSS
2026-02-20,QQQ,💻 纳指100,606.9400024414062,0.0910735424804687,603.485241435441,610.3947634473715,610.3499755859375,599.22998046875,LOSS
2026-02-20,DIA,🏭 道琼斯,495.4200134277344,0.0236914038085937,494.6864387031734,496.15358815229536,497.0,491.3900146484375,LOSS
2026-02-23,GLD,🏆 黄金,477.5,0.1744467321777344,472.29385533657074,482.70614466342926,481.4599914550781,474.6099853515625,WIN
2026-02-23,USO,🛢️ 原油,81.83000183105469,0.4262752685546875,79.64987020565698,84.0101334564524,81.91999816894531,80.5,WIN
2026-02-23,UNG,🔥 天然气,12.104999542236328,0.5351608984375,11.700116890323285,12.509882194149371,12.149999618530272,11.729999542236328,WIN
2026-02-23,SPY,📈 标普500,684.3250122070312,0.2628247546386719,673.08391511788,695.5661092961825,690.0,680.3699951171875,WIN
2026-02-23,QQQ,💻 纳指100,603.7000122070312,0.2258378198242187,595.1788687954881,612.2211556185744,608.010009765625,599.0499877929688,WIN
2026-02-23,DIA,🏭 道琼斯,489.5299987792969,0.2528150891113281,481.7949631377933,497.2650344208004,496.989990234375,487.1499938964844,WIN
2026-02-24,GLD,🏆 黄金,472.8800048828125,0.2609937182617187,465.16633545993847,480.5936743056865,475.4400024414063,469.5499877929688,WIN
2026-02-24,USO,🛢️ 原油,80.36499786376953,0.4804739453125,77.95166738947978,82.77832833805928,81.22000122070312,79.80000305175781,WIN
2026-02-24,UNG,🔥 天然气,11.574999809265137,0.5585981640625001,11.17088895661018,11.979110661920092,11.699999809265137,11.380000114440918,WIN
2026-02-24,SPY,📈 标普500,685.859619140625,0.0571383349609375,683.4103143497101,688.3089239315399,688.3499755859375,680.0,LOSS
2026-02-24,QQQ,💻 纳指100,607.059814453125,0.069345244140625,604.4287700130491,609.6908588932009,608.989990234375,599.72998046875,LOSS
2026-02-24,DIA,🏭 道琼斯,491.7099914550781,0.1578453356933593,486.8591084135153,496.56087449664096,492.8500061035156,487.4500122070313,WIN
2026-02-25,GLD,🏆 黄金,477.2099914550781,0.1870198486328125,471.6320076820785,482.78797522807776,479.5299987792969,472.8999938964844,WIN
2026-02-25,USO,🛢️ 原油,79.6989974975586,0.2724682128906249,78.3417822839752,81.05621271114198,80.13999938964844,79.31999969482422,WIN
2026-02-25,UNG,🔥 天然气,11.68000030517578,0.39063109375,11.394839599287584,11.965161011063978,11.789999961853027,11.520000457763672,WIN
2026-02-25,SPY,📈 标普500,690.590087890625,0.1107266662597656,685.8109167541145,695.3692590271355,693.6799926757812,690.0999755859375,WIN
2026-02-25,QQQ,💻 纳指100,614.5999755859375,0.1601646484375,608.4476512722239,620.7522998996511,616.8300170898438,611.0,WIN
2026-02-25,DIA,🏭 道琼斯,492.6499938964844,0.1590660266113281,487.7522515815338,497.5477362114349,495.1300048828125,491.8999938964844,WIN
2026-02-26,GLD,🏆 黄金,474.135009765625,0.3022530712890625,465.1782120839169,483.0918074473331,477.8299865722656,442.0400085449219,LOSS
2026-02-26,USO,🛢️ 原油,80.12629699707031,0.340826904296875,78.41947213717759,81.83312185696303,81.23999786376953,78.04000091552734,LOSS
2026-02-26,UNG,🔥 天然气,11.36870002746582,0.4023497265625,11.082812943251948,11.654587111679692,11.420000076293944,11.170000076293944,WIN
2026-02-26,SPY,📈 标普500,685.47998046875,0.3792786682128906,669.2307345888258,701.7292263486742,693.2999877929688,684.3499755859375,WIN
2026-02-26,QQQ,💻 纳指100,605.1799926757812,0.5461471166992189,584.5226609205355,625.837324431027,615.5900268554688,603.97998046875,WIN
2026-02-26,DIA,🏭 道琼斯,493.4200134277344,0.2839427075195311,484.6635750179223,502.1764518375465,498.2099914550781,492.239990234375,WIN
2026-02-27,GLD,🏆 黄金,479.55999755859375,0.2345047253417968,472.5313047140693,486.58869040311816,483.8999938964844,479.1099853515625,WIN
2026-02-27,USO,🛢️ 原油,81.66500091552734,0.42383388671875,79.50172624384496,83.82827558720973,82.12000274658203,80.58000183105469,WIN
2026-02-27,UNG,🔥 天然气,11.515000343322754,0.2187578124999999,11.357563075445126,11.67243761120038,11.600000381469728,11.369999885559082,WIN
2026-02-27,SPY,📈 标普500,684.760009765625,0.1007170007324218,680.4495738653064,689.0704456659436,686.8599853515625,681.6400146484375,WIN
2026-02-27,QQQ,💻 纳指100,607.094970703125,0.0955900988769531,603.4679539357992,610.7219874704508,608.3200073242188,602.1900024414062,LOSS
2026-02-27,DIA,🏭 道琼斯,488.3789978027344,0.1059659716796874,485.144525612102,491.6134699933668,490.9500122070313,486.760009765625,WIN
2026-03-02,GLD,🏆 黄金,490.2301025390625,0.2338943798828124,483.06372342448367,497.3964816536413,492.1499938964844,483.2799987792969,WIN
2026-03-02,USO,🛢️ 原油,87.13410186767578,0.577152666015625,83.9909969180629,90.27720681728866,88.63999938964844,83.19999694824219,LOSS
2026-03-02,UNG,🔥 天然气,11.9399995803833,0.460942890625,11.596020960343102,12.2839782004235,12.039999961853027,11.720000267028809,WIN
2026-03-02,SPY,📈 标普500,684.2150268554688,0.0868011242675781,680.5031122572296,687.9269414537079,688.6199951171875,678.02001953125,LOSS
2026-03-02,QQQ,💻 纳指100,605.4899291992188,0.1168301208496093,601.0687128491209,609.9111455493166,609.9199829101562,597.989990234375,LOSS
2026-03-02,DIA,🏭 道琼斯,488.6600036621094,0.1606529248046875,483.7534624856477,493.5665448385711,490.9800109863281,484.1499938964844,WIN
2026-03-03,GLD,🏆 黄金,464.7200012207031,0.5128222546386718,449.8250787955977,479.6149236458086,473.2000122070313,458.9299926757813,WIN
2026-03-03,USO,🛢️ 原油,94.11499786376952,0.852540537109375,89.10019468696792,99.12980104057114,94.37000274658205,87.33000183105469,LOSS
2026-03-03,UNG,🔥 天然气,12.589200019836426,0.7226590234375,12.02059383282428,13.157806206848573,12.829999923706056,12.039999961853027,WIN
2026-03-03,SPY,📈 标普500,671.05419921875,0.252937158203125,660.4457903343334,681.6626081031666,682.6099853515625,669.6599731445312,LOSS
2026-03-03,QQQ,💻 纳指100,593.219970703125,0.3317937915039062,580.9183017484108,605.5216396578392,603.9600219726562,591.8699951171875,WIN
2026-03-03,DIA,🏭 道琼斯,477.4100036621094,0.2981027221679687,468.51517730699095,486.3048300172278,487.3900146484375,476.7300109863281,LOSS
2026-03-04,GLD,🏆 黄金,473.1600036621094,0.3005441040039062,464.2721630776648,482.047844246554,476.4200134277344,469.3900146484375,WIN
2026-03-04,USO,🛢️ 原油,90.01000213623047,0.848634326171875,85.23590354175491,94.78410073070604,91.58999633789062,89.11000061035156,WIN
2026-03-04,UNG,🔥 天然气,11.765000343322754,0.6718782812500002,11.27095983022417,12.259040856421338,11.949999809265137,11.640000343322754,WIN
2026-03-04,SPY,📈 标普500,685.3699951171875,0.04493142578125,683.4453294254185,687.2946608089565,687.0900268554688,679.6199951171875,LOSS
2026-03-04,QQQ,💻 纳指100,609.5012817382812,0.0769135278320312,606.5713508759915,612.431212600571,612.8800048828125,603.4299926757812,LOSS
2026-03-04,DIA,🏭 道琼斯,488.3699951171875,0.108407353515625,485.06106394799417,491.6789262863808,489.0299987792969,483.9500122070313,LOSS
2026-03-05,GLD,🏆 黄金,467.5,0.4099180102539062,455.5227081378937,479.4772918621063,470.6700134277344,463.9100036621094,WIN
2026-03-05,USO,🛢️ 原油,95.47000122070312,0.4882863671875,92.55645746623792,98.38354497516832,98.83000183105467,94.05999755859376,LOSS
2026-03-05,UNG,🔥 天然气,11.845000267028809,0.648441015625,11.364951266826898,12.32504926723072,12.260000228881836,11.760000228881836,WIN
2026-03-05,SPY,📈 标普500,679.9299926757812,0.3450993225097656,665.2647814366261,694.5952039149364,685.530029296875,675.6099853515625,WIN
2026-03-05,QQQ,💻 纳指100,606.8997802734375,0.4387263159179688,590.2583487277632,623.5412118191118,612.760009765625,602.260009765625,WIN
2026-03-05,DIA,🏭 道琼斯,481.1098937988281,0.3304510314941405,471.1734400070869,491.0463475905693,485.489990234375,476.1499938964844,WIN
2026-03-06,GLD,🏆 黄金,473.7286071777344,0.0817962915039062,471.3067794748313,476.1504348806375,475.4599914550781,467.0700073242188,LOSS
2026-03-06,USO,🛢️ 原油,105.62999725341795,0.8125018749999999,100.26596157687752,110.9940329299584,109.9800033569336,104.52999877929688,WIN
2026-03-06,UNG,🔥 天然气,12.497900009155272,0.523442265625,12.08902944063359,12.906770577676957,13.1899995803833,12.399999618530272,LOSS
2026-03-06,SPY,📈 标普500,673.5700073242188,0.1527184338378906,667.140847536798,679.9991671116395,676.1099853515625,669.760009765625,WIN
2026-03-06,QQQ,💻 纳指100,602.989990234375,0.1727377648925781,596.4800437865198,609.4999366822302,606.0,598.3300170898438,WIN
2026-03-06,DIA,🏭 道琼斯,473.5249938964844,0.1286708227539062,469.7169407365344,477.3330470564344,476.2300109863281,470.4599914550781,WIN
2026-03-09,GLD,🏆 黄金,468.30950927734375,0.1081632153320312,465.1436428839685,471.47537567071896,472.6799926757813,464.7900085449219,LOSS
2026-03-09,USO,🛢️ 原油,114.98999786376952,2.1020555261230465,99.88278783511863,130.0972078924204,124.06999969482422,98.47000122070312,LOSS
2026-03-09,UNG,🔥 天然气,12.710000038146973,0.8007832421875,12.07387784822506,13.346122228068884,13.260000228881836,12.25,WIN
2026-03-09,SPY,📈 标普500,668.510009765625,0.1291590991210937,663.1135003522024,673.9065191790476,679.9199829101562,662.3900146484375,LOSS
2026-03-09,QQQ,💻 纳指100,598.3599853515625,0.1275722009277343,593.5891040841634,603.1308666189616,609.27001953125,591.3300170898438,LOSS
2026-03-09,DIA,🏭 道琼斯,470.8599853515625,0.2533033654785156,463.4055841666428,478.31438653648223,479.3800048828125,466.6799926757813,LOSS
2026-03-10,GLD,🏆 黄金,480.8699951171875,0.2298660998535156,473.96151322255207,487.7784770118229,481.30999755859375,474.2099914550781,WIN
2026-03-10,USO,🛢️ 原油,102.19869995117188,1.327640080566406,93.71850681136212,110.67889309098162,107.55999755859376,94.2300033569336,WIN
2026-03-10,UNG,🔥 天然气,12.204999923706056,0.8437515624999999,11.561375688959844,12.848624158452266,12.380000114440918,11.920000076293944,WIN
2026-03-10,SPY,📈 标普500,681.489990234375,0.07227490234375,678.411576328598,684.568404140152,683.3599853515625,674.760009765625,LOSS
2026-03-10,QQQ,💻 纳指100,611.6699829101562,0.1025480371093749,607.7496356535212,615.5903301667913,613.2899780273438,605.4199829101562,LOSS
2026-03-10,DIA,🏭 道琼斯,480.9800109863281,0.1672446557617187,475.9524274634734,486.00759450918287,482.8699951171875,475.010009765625,LOSS
2026-03-11,GLD,🏆 黄金,474.9599914550781,0.2293778234863281,468.15091088738745,481.7690720227688,477.4500122070313,473.1300048828125,WIN
2026-03-11,USO,🛢️ 原油,106.80999755859376,0.7138700488281251,102.04446892281342,111.57552619437408,108.36000061035156,100.98999786376952,LOSS
2026-03-11,UNG,🔥 天然气,12.670000076293944,0.48438015625,12.286431537753773,13.053568614834118,12.9399995803833,12.380000114440918,WIN
2026-03-11,SPY,📈 标普500,674.219970703125,0.3181220532226562,660.8147056153877,687.6252357908623,680.0800170898438,673.3400268554688,WIN
2026-03-11,QQQ,💻 纳指100,606.2100219726562,0.3519351916503905,592.8758569561978,619.5441869891147,612.4299926757812,605.030029296875,WIN
2026-03-11,DIA,🏭 道琼斯,473.1799926757813,0.3453434606933593,462.9668916631867,483.3930936883758,477.7699890136719,472.4750061035156,WIN
2026-03-12,GLD,🏆 黄金,471.05999755859375,0.2565992309570312,463.505395489334,478.6145996278535,475.0199890136719,466.6000061035156,WIN
2026-03-12,USO,🛢️ 原油,116.88999938964844,1.522463325195312,105.7674533175958,128.01254546170108,119.12999725341795,113.9499969482422,WIN
2026-03-12,UNG,🔥 天然气,13.09000015258789,0.7851583984375,12.447642430378355,13.732357874797424,13.130000114440918,12.670000076293944,WIN
2026-03-12,SPY,📈 标普500,669.1099853515625,0.1004728625488281,664.9082731272953,673.3116975758297,671.6500244140625,665.8699951171875,WIN
2026-03-12,QQQ,💻 纳指100,599.919921875,0.1069425244140625,595.910112444275,603.929731305725,604.1300048828125,597.0499877929688,LOSS
2026-03-12,DIA,🏭 道琼斯,468.885009765625,0.2172929833984375,462.51717085045135,475.25284868079865,471.4500122070313,467.4100036621094,WIN
2026-03-13,GLD,🏆 黄金,465.4400024414063,0.1045011425781249,462.400064187863,468.4799406949495,470.10198974609375,460.2200012207031,LOSS
2026-03-13,USO,🛢️ 原油,117.68000030517578,0.586918193359375,113.363216981823,121.99678362852856,121.13999938964844,114.55999755859376,WIN
2026-03-13,UNG,🔥 天然气,12.630000114440918,0.6562534375000001,12.111970052520466,13.14803017636137,12.81999969482422,12.51990032196045,WIN
2026-03-13,SPY,📈 标普500,664.6500244140625,0.1908039904785156,656.7239071059471,672.5761417221779,672.3350219726562,661.3599853515625,WIN
2026-03-13,QQQ,💻 纳指100,595.5,0.2114336669921874,587.6307032066345,603.3692967933655,603.5999145507812,592.5700073242188,LOSS
2026-03-13,DIA,🏭 道琼斯,467.6600036621094,0.1960529614257812,461.9296206209626,473.3903867032561,472.1000061035156,465.7900085449219,WIN
2026-03-16,GLD,🏆 黄金,458.9599914550781,0.1574791284179687,454.4427027405116,463.47728016964464,462.7999877929688,456.9200134277344,WIN
2026-03-16,USO,🛢️ 原油,116.83999633789062,1.1342816723632816,108.55690468507424,125.12308799070702,118.91000366210938,114.36000061035156,WIN
2026-03-16,UNG,🔥 天然气,12.160099983215332,0.7656273437500001,11.578218417597608,12.741981548833056,12.604999542236328,12.050000190734863,WIN
2026-03-16,SPY,📈 标普500,670.094970703125,0.0680024841308593,667.246963039912,672.942978366338,672.0700073242188,667.1199951171875,LOSS
2026-03-16,QQQ,💻 纳指100,601.760009765625,0.0766693896484375,598.876473974152,604.643545557098,603.85498046875,599.1199951171875,WIN
2026-03-16,DIA,🏭 道琼斯,471.375,0.1936115795898437,465.67102135442735,477.0789786455727,472.7000122070313,468.9800109863281,WIN
2026-03-17,GLD,🏆 黄金,458.05999755859375,0.2898020239257812,449.7633279103488,466.35666720683867,462.2099914550781,456.8900146484375,WIN
2026-03-17,USO,🛢️ 原油,117.91999816894533,0.5839885351562499,113.61600273167592,122.22399360621468,119.11150360107422,116.06999969482422,WIN
2026-03-17,UNG,🔥 天然气,12.1899995803833,0.5625043750000001,11.76144157443244,12.61855758633416,12.40999984741211,12.109999656677246,WIN
2026-03-17,SPY,📈 标普500,671.2044067382812,0.133797724609375,665.5915553401958,676.8172581363667,674.4400024414062,669.8499755859375,WIN
2026-03-17,QQQ,💻 纳指100,603.0,0.1477136010742187,597.4330436595154,608.5669563404846,605.8900146484375,601.8699951171875,WIN
2026-03-17,DIA,🏭 道琼斯,471.5199890136719,0.2074053869628906,465.4077524022895,477.6322256250543,475.1199951171875,470.625,WIN
2026-03-18,GLD,🏆 黄金,446.9482116699219,0.257819921875,439.74620210649,454.15022123335376,450.0499877929688,444.3900146484375,WIN
2026-03-18,USO,🛢️ 原油,121.5,0.6806672558593752,116.33118302581786,126.66881697418214,122.83999633789062,117.4499969482422,WIN
2026-03-18,UNG,🔥 天然气,12.229999542236328,0.6562534375000001,11.728375839722826,12.73162324474983,12.789999961853027,12.09000015258789,LOSS
2026-03-18,SPY,📈 标普500,667.1699829101562,0.1287928918457031,661.7995609444283,672.5404048758842,669.719970703125,661.22998046875,LOSS
2026-03-18,QQQ,💻 纳指100,600.8400268554688,0.14258669921875,595.4855395937296,606.1945141172079,603.1500244140625,594.5599975585938,LOSS
2026-03-18,DIA,🏭 道琼斯,466.7340087890625,0.1913533013916015,461.1520654482173,472.3159521299077,469.7300109863281,462.760009765625,WIN
2026-03-19,GLD,🏆 黄金,420.6799926757813,0.64648791015625,403.6822095939367,437.6777757576258,428.2677001953125,416.8399963378906,WIN
2026-03-19,USO,🛢️ 原油,120.3499984741211,0.6284216845703126,115.62308917542474,125.07690777281744,125.16999816894533,114.68000030517578,LOSS
2026-03-19,UNG,🔥 天然气,12.9399995803833,0.5468795312500001,12.49771077382735,13.382288386939251,13.085000038146973,12.399999618530272,LOSS
2026-03-19,SPY,📈 标普500,656.510009765625,0.2580640600585938,645.9211573537984,667.0988621774516,662.97998046875,655.1699829101562,WIN
2026-03-19,QQQ,💻 纳指100,589.1099853515625,0.35938140625,575.8777869158399,602.3421837872851,595.7999877929688,587.0800170898438,WIN
2026-03-19,DIA,🏭 道琼斯,458.8800048828125,0.2478102563476562,451.772806655136,465.98720311048896,463.3500061035156,458.1600036621094,WIN
2026-03-20,GLD,🏆 黄金,418.3900146484375,0.3493717407226562,409.2541616660186,427.5258676308564,428.5899963378906,411.2699890136719,LOSS
2026-03-20,USO,🛢️ 原油,120.25,0.55273884765625,116.0958220980835,124.4041779019165,123.0199966430664,118.33000183105467,WIN
2026-03-20,UNG,🔥 天然气,12.380000114440918,0.460942890625,12.023345549522904,12.736654679358931,12.5,12.210000038146973,WIN
2026-03-20,SPY,📈 标普500,651.739990234375,0.1566246447753906,645.3600812058515,658.1198992628985,656.6900024414062,644.719970703125,LOSS
2026-03-20,QQQ,💻 纳指100,585.614990234375,0.1643149975585937,579.6009073787102,591.6290730900398,591.1500244140625,578.5399780273438,LOSS
2026-03-20,DIA,🏭 道琼斯,456.909912109375,0.179695703125,451.77836536429527,462.04145885445473,460.5700073242188,453.5419921875,WIN
2026-03-23,GLD,🏆 黄金,405.989990234375,0.6987334814453126,388.2600652775992,423.7199151911509,414.5291137695313,399.6401062011719,WIN
2026-03-23,USO,🛢️ 原油,109.8499984741211,0.7509790527343749,104.6940579868106,115.0059389614316,114.4499969482422,106.45010375976562,WIN
2026-03-23,UNG,🔥 天然气,11.79539966583252,0.5039112109375,11.42391003276368,12.16688929890136,12.009400367736816,11.59000015258789,WIN
2026-03-23,SPY,📈 标普500,659.25,0.2673413110351562,648.2347025437546,670.2652974562454,662.614990234375,653.9400024414062,WIN
2026-03-23,QQQ,💻 纳指100,591.4299926757812,0.3151923950195311,579.7791029334148,603.0808824181477,595.0800170898438,585.9600219726562,WIN
2026-03-23,DIA,🏭 道琼斯,464.7701110839844,0.281684429321289,456.5877046148416,472.9525175531272,467.0199890136719,460.9299926757813,WIN
2026-03-24,GLD,🏆 黄金,406.4880065917969,0.3812317736816406,396.8026226084653,416.1733905751285,407.2799987792969,399.3399963378906,WIN
2026-03-24,USO,🛢️ 原油,114.2699966430664,0.6831086376953126,109.39132028454809,119.14867300158473,116.33999633789062,112.7699966430664,WIN
2026-03-24,UNG,🔥 天然气,11.723999977111816,0.476567734375,11.37479497043027,12.073204983793362,11.899999618530272,11.654999732971191,WIN
2026-03-24,SPY,📈 标普500,656.3790283203125,0.1066983862304687,652.0018668779812,660.7561897626438,657.02001953125,649.8800048828125,LOSS
2026-03-24,QQQ,💻 纳指100,587.05908203125,0.1308680664062499,582.2573765980214,591.8607874644786,587.9299926757812,581.9400024414062,LOSS
2026-03-24,DIA,🏭 道琼斯,463.5,0.2194291925048828,457.1434105796242,469.8565894203758,463.9200134277344,457.4599914550781,WIN
2026-03-25,GLD,🏆 黄金,418.6199951171875,0.168953623046875,414.19953481375535,423.0404554206197,420.6600036621094,412.25,LOSS
2026-03-25,USO,🛢️ 原油,112.0999984741211,0.5556685058593751,108.20684605793652,115.99315089030566,114.23999786376952,109.0199966430664,WIN
2026-03-25,UNG,🔥 天然气,11.78499984741211,0.35938140625,11.520292983798422,12.049706711025795,11.925000190734863,11.58139991760254,WIN
2026-03-25,SPY,📈 标普500,656.72998046875,0.090829404296875,653.0018309118828,660.4581300256172,660.8900146484375,654.239990234375,LOSS
2026-03-25,QQQ,💻 纳指100,587.52001953125,0.1090176989746093,583.5168894918241,591.5231495706759,591.3699951171875,585.6900024414062,WIN
2026-03-25,DIA,🏭 道琼斯,463.9700012207031,0.179695703125,458.7591627458118,469.1808396955944,467.239990234375,461.80999755859375,WIN
2026-03-26,GLD,🏆 黄金,408.0799865722656,0.4056455920410156,397.73399608769085,418.4259770568404,411.3699951171875,400.260009765625,WIN
2026-03-26,USO,🛢️ 原油,117.8301010131836,0.6367223828125,113.1410345954241,122.51916743094309,118.94000244140624,115.21499633789062,WIN
2026-03-26,UNG,🔥 天然气,12.060099601745604,0.500005,11.68321772040993,12.43698148308128,12.100000381469728,11.789999961853027,WIN
2026-03-26,SPY,📈 标普500,651.489990234375,0.1319666882324218,646.1165542076373,656.8634262611127,654.8499755859375,644.8300170898438,LOSS
2026-03-26,QQQ,💻 纳指100,581.1699829101562,0.1176846044921875,576.8953104363117,585.4446553840008,584.6099853515625,573.4310302734375,LOSS
2026-03-26,DIA,🏭 道琼斯,462.1000061035156,0.2418288708496093,455.11568593504,469.0843262719913,465.4299926757813,458.9500122070313,WIN
2026-03-27,GLD,🏆 黄金,417.3800048828125,1.0000000000000004e-05,417.37974402030943,417.3802657453156,418.3999938964844,405.4100036621094,LOSS
2026-03-27,USO,🛢️ 原油,121.1750030517578,0.7133817724609376,115.7722506483189,126.57775545519672,125.3000030517578,120.47000122070312,WIN
2026-03-27,UNG,🔥 天然气,12.20009994506836,0.5937540625000001,11.747358763487712,12.652841126649006,12.390000343322754,12.039999961853027,WIN
2026-03-27,SPY,📈 标普500,641.7999877929688,0.1106045971679687,637.3633609734533,646.2366146124842,642.6599731445312,633.1099853515625,LOSS
2026-03-27,QQQ,💻 纳指100,569.4400024414062,0.0933928552246093,566.1161507097117,572.7638541731008,571.02001953125,561.5700073242188,LOSS
2026-03-27,DIA,🏭 道琼斯,456.869384765625,0.1283046154785156,453.2057315946088,460.5330379366412,457.5,450.489990234375,LOSS
2026-03-30,GLD,🏆 黄金,418.0698852539063,0.096688720703125,415.5434701057998,420.5963004020127,420.1000061035156,412.6600036621094,LOSS
2026-03-30,USO,🛢️ 原油,127.31990051269533,0.8608412353515625,120.46976173505864,134.17003929033197,130.07000732421875,126.31999969482422,WIN
2026-03-30,UNG,🔥 天然气,11.649999618530272,0.5429733203125001,11.254647182623229,12.04535205443732,11.770000457763672,11.56999969482422,WIN
2026-03-30,SPY,📈 标普500,638.0399780273438,0.0925383715820312,634.3497792416634,641.7301768130241,640.3699951171875,629.2899780273438,LOSS
2026-03-30,QQQ,💻 纳指100,564.8798828125,0.083016982421875,561.9489688561303,567.8107967688697,568.0399780273438,555.5999755859375,LOSS
2026-03-30,DIA,🏭 道琼斯,455.8999938964844,0.2124102197265625,449.8476302791787,461.9523575137901,456.1099853515625,450.4500122070313,WIN
2026-03-31,GLD,🏆 黄金,424.4700012207031,0.1491784301757812,420.5123906932771,428.4276117481292,430.5700073242188,419.5899963378906,LOSS
2026-03-31,USO,🛢️ 原油,129.91009521484375,0.624027197265625,124.8433806765044,134.9768097531831,130.92999267578125,124.1999969482422,LOSS
2026-03-31,UNG,🔥 天然气,11.76010036468506,0.51562984375,11.381109195089628,12.139091534280489,12.050000190734863,11.649999618530272,WIN
2026-03-31,SPY,📈 标普500,640.7249755859375,0.1602867175292968,634.3062441374557,647.1437070344193,651.530029296875,637.97998046875,LOSS
2026-03-31,QQQ,💻 纳指100,566.9199829101562,0.174812939453125,560.7259236197037,573.1140422006088,578.6400146484375,564.2100219726562,LOSS
2026-03-31,DIA,🏭 道琼斯,456.7699890136719,0.1994708959960937,451.0754690778792,462.4645089494646,463.7900085449219,454.7000122070313,LOSS
2026-04-01,GLD,🏆 黄金,439.6650085449219,0.0774018041992187,437.53807948838175,441.791937601462,440.1900024414063,433.7799987792969,LOSS
2026-04-01,USO,🛢️ 原油,124.40979766845705,0.4487359814453124,120.92060062732156,127.89899470959251,125.73149871826172,122.4800033569336,WIN
2026-04-01,UNG,🔥 天然气,11.484999656677246,0.4062559375,11.193384075257834,11.776615238096658,11.5649995803833,11.3100004196167,WIN
2026-04-01,SPY,📈 标普500,657.9199829101562,0.0627535131835937,655.3395585150748,660.5004073052377,658.52001953125,653.0,LOSS
2026-04-01,QQQ,💻 纳指100,587.0599975585938,0.0660493786621093,584.6365633038359,589.4834318133516,587.739013671875,580.4199829101562,LOSS
2026-04-01,DIA,🏭 道琼斯,467.7049865722656,0.17188328125,462.68056983795134,472.7294033065799,467.8999938964844,464.5,WIN
2026-04-02,GLD,🏆 黄金,428.6749877929688,0.2913889221191405,420.86804137844194,436.4819342074956,431.6600036621094,421.1799926757813,WIN
2026-04-02,USO,🛢️ 原油,137.4250030517578,0.2070391796874999,135.64673055798357,139.20327554553208,139.99000549316406,131.9250030517578,LOSS
2026-04-02,UNG,🔥 天然气,11.389200210571287,0.3515689843749999,11.13894461364166,11.63945580750092,11.43000030517578,11.279999732971191,WIN
2026-04-02,SPY,📈 标普500,654.6400146484375,0.2022784851074218,646.3637902450758,662.9162390517992,657.9199829101562,645.1099853515625,LOSS
2026-04-02,QQQ,💻 纳指100,583.5599975585938,0.2121660815429687,575.8217701818918,591.2982249352957,585.9899291992188,571.9199829101562,LOSS
2026-04-02,DIA,🏭 道琼斯,464.5650024414063,0.2102129760742187,458.46140295746034,470.66860192535216,467.4700012207031,458.8800048828125,WIN
2026-04-03,GLD,🏆 黄金,429.4100036621094,0.3064034204101562,421.1867102945839,437.6332970296349,,,
2026-04-03,USO,🛢️ 原油,137.9199981689453,0.9946289599609376,129.34629664790828,146.49369968998235,,,
2026-04-03,UNG,🔥 天然气,11.350000381469728,0.5293015820312501,10.974527059096776,11.725473703842678,,,
2026-04-03,SPY,📈 标普500,655.8300170898438,0.1596763720703125,649.2849822258614,662.3750519538261,,,
2026-04-03,QQQ,💻 纳指100,584.97998046875,0.1685874157714844,578.81621401967,591.14374691783,,,
2026-04-03,DIA,🏭 道琼斯,465.05999755859375,0.2064288342285155,459.0598854871977,471.0601096299898,,,
2026-04-06,GLD,🏆 黄金,428.814697265625,0.2155840161132812,423.0368476028172,434.5925469284328,431.489990234375,426.7300109863281,WIN
2026-04-06,USO,🛢️ 原油,139.01649475097656,0.8984385156249999,131.21038392651045,146.82260557544268,140.88999938964844,136.3800048828125,WIN
2026-04-06,UNG,🔥 天然气,11.470000267028809,0.4687553125,11.133961294557173,11.806039239500445,11.600000381469728,11.359999656677246,WIN
2026-04-06,SPY,📈 标普500,656.6998901367188,0.1565025756835937,650.2764386206231,663.1233416528144,659.719970703125,655.52001953125,WIN
2026-04-06,QQQ,💻 纳指100,586.25,0.2053302124023437,578.7265726861954,593.7734273138046,590.6099853515625,584.6900024414062,WIN
2026-04-06,DIA,🏭 道琼斯,465.4599914550781,0.2378005908203124,458.54207514437593,472.3779077657803,467.0199890136719,463.4800109863281,WIN
2026-04-07,GLD,🏆 黄金,427.6900024414063,0.3682924499511719,417.8453150152332,437.5346898675793,433.4100036621094,423.1300048828125,WIN
2026-04-07,USO,🛢️ 原油,140.92990112304688,1.408206083984375,128.52625461199744,153.3335476340963,143.97999572753906,130.0,WIN
2026-04-07,UNG,🔥 天然气,11.600199699401855,0.5468795312500001,11.2037052135259,11.99669418527781,11.71500015258789,11.529999732971191,WIN
2026-04-07,SPY,📈 标普500,653.9550170898438,0.1034025207519531,649.7287297632515,658.181304416436,659.5900268554688,651.0599975585938,LOSS
2026-04-07,QQQ,💻 纳指100,582.52001953125,0.1081632153320312,578.582067137014,586.457971925486,588.97998046875,578.4000854492188,LOSS
2026-04-07,DIA,🏭 道琼斯,463.239990234375,0.2600171655273438,455.7118434081465,470.7681370606035,466.30999755859375,462.1099853515625,WIN
2026-04-08,GLD,🏆 黄金,437.3500061035156,0.1027921752929687,434.54024619777977,440.1597660092515,440.4295959472656,431.30999755859375,LOSS
2026-04-08,USO,🛢️ 原油,121.51000213623048,0.7651390673828126,115.69924902921804,127.3207552432429,125.2300033569336,118.05999755859376,WIN
2026-04-08,UNG,🔥 天然气,11.109999656677246,0.507817421875,10.757383945259372,11.46261536809512,11.235099792480469,10.96500015258789,WIN
2026-04-08,SPY,📈 标普500,675.6099853515625,0.0424900439453125,673.815816728595,677.40415397453,677.0800170898438,671.5,LOSS
2026-04-08,QQQ,💻 纳指100,606.6199951171875,0.0490817749023437,604.7591209889623,608.4808692454127,609.8900146484375,602.1300048828125,LOSS
2026-04-08,DIA,🏭 道琼斯,478.5299987792969,0.1326991027832031,474.5612174359931,482.49878012260064,480.2000122070313,475.5700073242188,WIN
2026-04-09,GLD,🏆 黄金,440.1700134277344,0.262702685546875,432.9428981386925,447.39712871677625,440.9049987792969,435.875,WIN
2026-04-09,USO,🛢️ 原油,124.9499969482422,0.9350592431640624,117.64776884950624,132.25222504697814,129.6300048828125,123.05999755859376,WIN
2026-04-09,UNG,🔥 天然气,10.80500030517578,0.492192578125,10.472616495372916,11.137384114978648,11.0649995803833,10.770000457763672,WIN
2026-04-09,SPY,📈 标普500,679.7899780273438,0.0432224584960937,677.9535908953845,681.626365159303,681.1500244140625,673.77001953125,LOSS
2026-04-09,QQQ,💻 纳指100,609.4299926757812,0.0295507202148437,608.3044242255253,610.5555611260372,610.5,603.030029296875,LOSS
2026-04-09,DIA,🏭 道琼斯,481.55999755859375,0.0883880224609375,478.8997390660626,484.22025605112486,483.2699890136719,477.0499877929688,LOSS
2026-04-10,GLD,🏆 黄金,438.4299926757813,0.1479577392578125,434.37567326708574,442.4843120844768,440.3500061035156,436.0,WIN
2026-04-10,USO,🛢️ 原油,126.95999908447266,0.3242255078124999,124.3872696985328,129.5327284704125,127.77999877929688,123.9800033569336,LOSS
2026-04-10,UNG,🔥 天然气,10.815500259399414,0.42188078125,10.5303220282091,11.100678490589727,10.899999618530272,10.699999809265137,WIN
2026-04-10,SPY,📈 标普500,680.9000244140625,0.0843597424316406,677.3099899964833,684.4900588316417,682.030029296875,678.4500122070312,WIN
2026-04-10,QQQ,💻 纳指100,612.3200073242188,0.0988859643554687,608.5356414230686,616.1043732253689,613.6699829101562,609.5800170898438,WIN
2026-04-10,DIA,🏭 道琼斯,480.3403015136719,0.1008390698242187,477.3129846884392,483.3676183389046,482.3999938964844,478.6300048828125,WIN
2026-04-13,GLD,🏆 黄金,432.9580993652344,0.0629976513671875,431.2533904027087,434.6628083277601,436.2000122070313,431.6500854492188,LOSS
2026-04-13,USO,🛢️ 原油,133.2050018310547,0.710940390625,127.2862008288688,139.12380283324055,133.52699279785156,127.16000366210938,LOSS
2026-04-13,UNG,🔥 天然气,10.731399536132812,0.5468795312500001,10.364600614384264,11.09819845788136,10.994999885559082,10.619999885559082,WIN
2026-04-13,SPY,📈 标普500,679.3400268554688,0.0854583642578125,675.7115713885984,682.9684823223391,686.2949829101562,676.5800170898438,LOSS
2026-04-13,QQQ,💻 纳指100,611.489990234375,0.1058439025878906,607.4448347993851,615.5351456693649,617.9600219726562,608.1099853515625,LOSS
2026-04-13,DIA,🏭 道琼斯,476.8900146484375,0.1551598156738281,472.2653792253412,481.5146500715338,482.2799987792969,475.1799926757813,LOSS
2026-04-14,GLD,🏆 黄金,441.760009765625,0.2114336669921874,435.9223260909218,447.59769344032816,445.1799926757813,439.0199890136719,WIN
2026-04-14,USO,🛢️ 原油,123.62999725341795,0.8291032714843749,117.22362005489217,130.0363744519438,127.2300033569336,122.91000366210938,WIN
2026-04-14,UNG,🔥 天然气,10.484999656677246,0.507817421875,10.152220563301364,10.817778750053128,10.75,10.399999618530272,WIN
2026-04-14,SPY,📈 标普500,693.1599731445312,0.0315038256835937,691.7951487092319,694.5247975798306,694.5800170898438,687.6599731445312,LOSS
2026-04-14,QQQ,💻 纳指100,625.8800048828125,0.0288183056640625,624.7527048022039,627.0073049634211,628.5999755859375,620.0999755859375,LOSS
2026-04-14,DIA,🏭 道琼斯,485.3299865722656,0.1333094482421875,481.28629452693207,489.3736786175992,485.9599914550781,481.8900146484375,WIN
2026-04-15,GLD,🏆 黄金,441.1636962890625,0.1527184338378906,436.95283199135,445.37456058677503,443.739990234375,439.6000061035156,WIN
2026-04-15,USO,🛢️ 原油,124.12999725341795,0.43945873046875,120.72062156553818,127.53937294129776,125.23989868164062,122.33000183105467,WIN
2026-04-15,UNG,🔥 天然气,10.505000114440918,0.51562984375,10.166456891465735,10.8435433374161,10.649999618530272,10.489999771118164,WIN
2026-04-15,SPY,📈 标普500,697.3400268554688,0.0649507568359375,694.5092291982028,700.1708245127347,700.280029296875,694.2800903320312,LOSS
2026-04-15,QQQ,💻 纳指100,633.4199829101562,0.07618111328125,630.4040679431133,636.4358978771992,637.6500244140625,628.2000122070312,LOSS
2026-04-15,DIA,🏭 道琼斯,483.5549926757813,0.1408777319335937,479.2973595111981,487.8126258403644,487.0801086425781,482.9049987792969,WIN
2026-04-16,GLD,🏆 黄金,441.3399963378906,0.2070391796874999,435.62907941257305,447.0509132632082,442.9699096679688,438.1799926757813,WIN
2026-04-16,USO,🛢️ 原油,126.4709014892578,0.500005,122.5186462955618,130.42315668295385,128.27000427246094,124.0500030517578,WIN
2026-04-16,UNG,🔥 天然气,10.664999961853027,0.57812921875,10.279640705858348,11.050359217847706,10.789999961853027,10.601499557495115,WIN
2026-04-16,SPY,📈 标普500,702.3200073242188,1.0000000000000004e-05,702.3195683742142,702.3204462742233,702.780029296875,698.530029296875,LOSS
2026-04-16,QQQ,💻 纳指100,641.6199951171875,0.0600679931640625,639.2111935246485,644.0287967097265,642.1799926757812,635.2550048828125,LOSS
2026-04-16,DIA,🏭 道琼斯,485.5899963378906,0.1113370117187499,482.2109876433419,488.9690050324393,486.7550048828125,483.3500061035156,WIN
2026-04-17,GLD,🏆 黄金,446.80999755859375,0.1845784667968749,441.6555285399137,451.9644665772738,448.7000122070313,445.3200073242188,WIN
2026-04-17,USO,🛢️ 原油,113.4250030517578,0.33399103515625,111.05731966539172,115.7926864381239,116.87000274658205,110.3499984741211,LOSS
2026-04-17,UNG,🔥 天然气,10.845000267028809,0.2500075,10.675542054262609,11.014458479795008,10.93000030517578,10.630000114440918,LOSS
2026-04-17,SPY,📈 标普500,710.719970703125,0.0804535314941406,707.1462249814701,714.2937164247799,712.3900146484375,705.760009765625,LOSS
2026-04-17,QQQ,💻 纳指100,648.9099731445312,0.1010832080078125,644.8103542824242,653.0095920066383,650.0,644.0700073242188,LOSS
2026-04-17,DIA,🏭 道琼斯,495.3999938964844,0.0827728442382812,492.8371397383319,497.9628480546368,497.0400085449219,490.3599853515625,LOSS
2026-04-20,GLD,🏆 黄金,440.7900085449219,0.1751791467285156,435.9639324459622,445.6160846438816,443.4200134277344,440.0899963378906,WIN
2026-04-20,USO,🛢️ 原油,121.94000244140624,0.8115253222656249,115.75516495526044,128.12483992755207,122.87999725341795,119.4000015258789,WIN
2026-04-20,UNG,🔥 天然气,10.984999656677246,0.3437565625,10.748989299112056,11.221010014242436,11.0,10.791500091552734,WIN
2026-04-20,SPY,📈 标普500,707.5700073242188,0.0964445825195312,703.3049264517359,711.8350881967016,709.9099731445312,706.1400146484375,WIN
2026-04-20,QQQ,💻 纳指100,644.6900024414062,0.1211025390625,639.8104026786648,649.5696022041477,648.760009765625,642.52001953125,WIN
2026-04-20,DIA,🏭 道琼斯,493.9100036621094,0.1818929467773437,488.2950820365525,499.52492528766624,494.7699890136719,492.30999755859375,WIN
2026-04-21,GLD,🏆 黄金,435.3999938964844,0.2331619653320312,429.0550740038307,441.744913789138,440.2449951171875,428.7099914550781,LOSS
2026-04-21,USO,🛢️ 原油,125.4011001586914,0.905274384765625,118.30594992149815,132.49625039588466,128.8800048828125,121.02999877929688,WIN
2026-04-21,UNG,🔥 天然气,10.975000381469728,0.3437565625,10.739204856184088,11.210795906755363,10.989999771118164,10.789999961853027,WIN
2026-04-21,SPY,📈 标普500,706.719970703125,0.0864349169921875,702.9021405778471,710.5378008284029,711.2750244140625,702.6400146484375,LOSS
2026-04-21,QQQ,💻 纳指100,646.5999755859375,0.0985197570800781,642.618546053268,650.581405118607,650.2000122070312,642.2100219726562,LOSS
2026-04-21,DIA,🏭 道琼斯,493.5,0.1744467321777344,488.119408604393,498.880591395607,498.3550109863281,490.3150024414063,WIN
2026-04-22,GLD,🏆 黄金,434.3999938964844,0.1467370483398437,430.4160830900333,438.3839047029354,437.1700134277344,433.7799987792969,WIN
2026-04-22,USO,🛢️ 原油,129.94000244140625,0.2797923583984374,127.66773870807002,132.2122661747425,130.94000244140625,127.06999969482422,LOSS
2026-04-22,UNG,🔥 天然气,11.133899688720703,1.0000000000000004e-05,11.1338927300334,11.133906647408008,11.15999984741211,10.9399995803833,LOSS
2026-04-22,SPY,📈 标普500,709.9600219726562,0.0782562878417968,706.4875947329275,713.432449212385,711.4500122070312,708.219970703125,WIN
2026-04-22,QQQ,💻 纳指100,652.9400024414062,0.0883880224609375,649.3329977163165,656.547007166496,655.3300170898438,648.52001953125,LOSS
2026-04-22,DIA,🏭 道琼斯,494.8299865722656,0.1622398229980468,489.81241598254,499.8475571619913,496.1300048828125,493.2300109863281,WIN
2026-04-23,GLD,🏆 黄金,434.7300109863281,0.18946123046875,429.5822308111304,439.8777911615258,435.2912902832031,428.25,LOSS
2026-04-23,USO,🛢️ 原油,130.6699981689453,0.5815471533203125,125.92057532772527,135.41942101016534,137.4405975341797,129.8800048828125,LOSS
2026-04-23,UNG,🔥 天然气,10.545000076293944,0.4062559375,10.277252020548172,10.81274813203972,10.729999542236328,10.40999984741211,WIN
2026-04-23,SPY,📈 标普500,712.1599731445312,0.0609224768066406,709.448313804124,714.8716324849385,712.3598022460938,702.2802734375,LOSS
2026-04-23,QQQ,💻 纳指100,656.594970703125,0.0572604040527343,654.2451648705342,658.9447765357158,656.9199829101562,645.5250244140625,LOSS
2026-04-23,DIA,🏭 道琼斯,494.5899963378906,0.1395349719238281,490.2767087595898,498.9032839161914,495.1300048828125,488.510009765625,LOSS
2026-04-24,GLD,🏆 黄金,434.1000061035156,0.0793549096679687,431.94700818031504,436.2530040267162,435.2799987792969,430.6499938964844,LOSS
2026-04-24,USO,🛢️ 原油,130.4600067138672,1.3164096679687498,119.72633083127953,141.19368259645486,133.8699951171875,129.5500030517578,WIN
2026-04-24,UNG,🔥 天然气,10.210000038146973,0.57812921875,9.84108132905376,10.578918747240184,10.359999656677246,10.18000030517578,WIN
2026-04-24,SPY,📈 标普500,713.75,0.0267431311035156,712.5570056359292,714.9429943640708,714.469970703125,709.010009765625,LOSS
2026-04-24,QQQ,💻 纳指100,663.02001953125,0.0282079602050781,661.8511168858682,664.1889221766318,664.510009765625,656.530029296875,LOSS
2026-04-24,DIA,🏭 道琼斯,492.3299865722656,0.0329686547851562,491.3155204867856,493.3444526577457,493.489990234375,490.7699890136719,LOSS
2026-04-27,GLD,🏆 黄金,429.2099914550781,0.1442956665039062,425.3391700933815,433.0808128167748,431.7999877929688,428.5199890136719,WIN
2026-04-27,USO,🛢️ 原油,134.64999389648438,0.804689453125,127.87802952449395,141.42195826847478,136.49000549316406,133.2100067138672,WIN
2026-04-27,UNG,🔥 天然气,10.630599975585938,0.6796907031250001,10.179004977333024,11.08219497383885,10.789999961853027,10.470000267028809,WIN
2026-04-27,SPY,📈 标普500,713.9249877929688,0.0434665966796875,711.985494698972,715.8644808869655,715.6300048828125,712.2999877929688,WIN
2026-04-27,QQQ,💻 纳指100,662.5999755859375,0.077157666015625,659.4046838597986,665.7952673120764,664.4299926757812,660.6900024414062,WIN
2026-04-27,DIA,🏭 道琼斯,491.6900024414063,0.1524742956542969,487.0043720162492,496.3756328665633,493.5499877929688,490.2900085449219,WIN
2026-04-28,GLD,🏆 黄金,420.8900146484375,0.2127764270019531,415.2927975560816,426.4872317407934,422.5199890136719,418.3999938964844,WIN
2026-04-28,USO,🛢️ 原油,139.4499969482422,0.649417568359375,133.78991707787657,145.1100768186078,140.39999389648438,138.02000427246094,WIN
2026-04-28,UNG,🔥 天然气,10.4350004196167,0.48438015625,10.119093723759027,10.750907115474371,10.539999961853027,10.279999732971191,WIN
2026-04-28,SPY,📈 标普500,710.3300170898438,0.0555514367675781,707.8637762755639,712.7962579041236,712.8800048828125,709.25,LOSS
2026-04-28,QQQ,💻 纳指100,655.280029296875,0.0763031823730469,652.1550323230715,658.4050262706785,659.6400146484375,653.8099975585938,LOSS
2026-04-28,DIA,🏭 道琼斯,492.5700073242188,0.1754232849121093,487.169491778344,497.97052287009353,493.8200073242188,490.7699890136719,WIN
2026-04-29,GLD,🏆 黄金,418.6600036621094,0.1120694262695312,415.7275670113336,421.5924403128852,419.1700134277344,414.1600036621094,LOSS
2026-04-29,USO,🛢️ 原油,149.25010681152344,0.159188095703125,147.76517929359753,150.73503432944935,151.6300048828125,145.94000244140625,LOSS
2026-04-29,UNG,🔥 天然气,10.166399955749512,0.507817421875,9.843732767294584,10.48906714420444,10.270000457763672,10.109999656677246,WIN
2026-04-29,SPY,📈 标普500,709.9299926757812,0.1750570776367187,702.1626008105013,717.6973845410612,712.2000122070312,708.3699951171875,WIN
2026-04-29,QQQ,💻 纳指100,658.7849731445312,0.2941965112304687,646.671708097645,670.8982381914175,661.719970703125,656.5900268554688,WIN
2026-04-29,DIA,🏭 道琼斯,488.260009765625,0.1936115795898437,482.3517102817953,494.1683092494547,491.489990234375,487.0,WIN
2026-04-30,GLD,🏆 黄金,423.5429992675781,0.21680470703125,417.8038670256191,429.2821315095371,425.4599914550781,422.739990234375,WIN
2026-04-30,USO,🛢️ 原油,146.0,0.7026396923828125,139.58841280700685,152.41158719299315,149.05999755859375,144.47999572753906,WIN
2026-04-30,UNG,🔥 天然气,10.364999771118164,0.445318046875,10.07651718024728,10.653482361989049,10.720000267028809,10.149999618530272,LOSS
2026-04-30,SPY,📈 标普500,714.7899169921875,0.06836869140625,711.7355887887413,717.8442451956337,719.7899780273438,710.4500122070312,LOSS
2026-04-30,QQQ,💻 纳指100,663.1500244140625,0.1035245898437499,658.8592535214163,667.4407953067087,668.9000244140625,657.5599975585938,LOSS
2026-04-30,DIA,🏭 道琼斯,496.0700073242188,0.0965666516113281,493.0760186009621,499.0639960474754,497.5799865722656,490.3900146484375,LOSS
2026-05-01,GLD,🏆 黄金,426.1199951171875,0.0356541748046874,425.1704353175825,427.0695549167925,427.9299926757813,421.0799865722656,LOSS
2026-05-01,USO,🛢️ 原油,142.1300048828125,0.516606396484375,137.54092552938647,146.71908423623853,143.85000610351562,138.8000030517578,WIN
2026-05-01,UNG,🔥 天然气,10.635000228881836,0.500005,10.302653148291707,10.967347309471965,10.729999542236328,10.550000190734863,WIN
2026-05-01,SPY,📈 标普500,723.8200073242188,0.0400486621093749,722.0082558928855,725.631758755552,724.8699951171875,720.469970703125,LOSS
2026-05-01,QQQ,💻 纳指100,675.4000244140625,0.0288183056640625,674.183531642245,676.61651718588,675.969970703125,668.7999877929688,LOSS
2026-05-01,DIA,🏭 道琼斯,497.1700134277344,0.1274501318359375,493.2097394429694,501.13028741249934,499.9299926757813,494.9100036621094,WIN
2026-05-04,GLD,🏆 黄金,415.3299865722656,0.1091397680664062,412.4969229219206,418.16305022261065,420.8599853515625,413.2800903320313,LOSS
2026-05-04,USO,🛢️ 原油,147.16000366210938,0.9438482177734374,138.47895946310848,155.84104786111027,149.4600067138672,142.2301025390625,WIN
2026-05-04,UNG,🔥 天然气,10.989999771118164,0.492192578125,10.651925001059428,11.3280745411769,11.079999923706056,10.84000015258789,WIN
2026-05-04,SPY,📈 标普500,717.6599731445312,0.1057218334960937,712.9179526328064,722.4019936562561,722.1199951171875,714.989990234375,WIN
2026-05-04,QQQ,💻 纳指100,671.6300048828125,0.14258669921875,665.6446607895305,677.6153489760945,676.72998046875,668.9000244140625,WIN
2026-05-04,DIA,🏭 道琼斯,490.6900939941406,0.161568442993164,485.7350918392154,495.6450961490658,494.3200073242188,489.0,WIN
2026-05-05,GLD,🏆 黄金,419.25,0.2192460888671875,413.505067327652,424.994932672348,421.1600036621094,417.9100036621094,WIN
2026-05-05,USO,🛢️ 原油,143.16000366210938,0.5502974658203126,138.23621696072902,148.08379036348973,144.8000030517578,142.13999938964844,WIN
2026-05-05,UNG,🔥 天然气,10.69499969482422,0.632816171875,10.272001647006531,11.117997742641904,10.970000267028809,10.619999885559082,WIN
2026-05-05,SPY,📈 标普500,723.5,0.0485934985351562,721.3026627381134,725.6973372618866,725.0399780273438,721.489990234375,WIN
2026-05-05,QQQ,💻 纳指100,681.8499755859375,0.0831390515136719,678.3069530706352,685.3929981012398,682.77001953125,677.510009765625,LOSS
2026-05-05,DIA,🏭 道琼斯,491.9800109863281,0.141610146484375,487.6256758973808,496.3343460752755,493.5899963378906,490.0299987792969,WIN
2026-05-06,GLD,🏆 黄金,430.0299987792969,0.170906728515625,425.4365600133626,434.6234375452311,433.1900024414063,429.6000061035156,WIN
2026-05-06,USO,🛢️ 原油,134.00999450683594,0.46289599609375,130.13295138847596,137.88703762519592,136.63999938964844,132.55999755859375,WIN
2026-05-06,UNG,🔥 天然气,10.426600456237791,0.273444765625,10.248406748861452,10.604794163614134,10.510000228881836,10.350000381469728,WIN
2026-05-06,SPY,📈 标普500,731.8350219726562,0.0529879858398437,729.4113679863194,734.2586759589931,734.5900268554688,727.8200073242188,LOSS
2026-05-06,QQQ,💻 纳指100,692.3900146484375,0.0659273095703125,689.5370514709924,695.2429778258826,695.9299926757812,686.47998046875,LOSS
2026-05-06,DIA,🏭 道琼斯,497.9599914550781,0.1449060119628906,493.4501541751512,502.469828735005,500.0799865722656,496.8999938964844,WIN
2026-05-07,GLD,🏆 黄金,433.4237060546875,0.2526930200195312,426.578509477749,440.268902631626,437.4200134277344,430.2699890136719,WIN
2026-05-07,USO,🛢️ 原油,132.12350463867188,0.5239305419921875,127.79703342646896,136.44997585087478,136.77999877929688,127.37999725341795,LOSS
2026-05-07,UNG,🔥 天然气,10.78499984741211,0.4062559375,10.511157958415374,11.058841736408844,10.807000160217283,10.289999961853027,LOSS
2026-05-07,SPY,📈 标普500,732.969970703125,0.1394129028320312,726.583378746598,739.356562659652,736.1300048828125,729.75,WIN
2026-05-07,QQQ,💻 纳指100,695.9099731445312,0.1866536413574218,687.7915899855079,704.0283563035546,701.22998046875,691.780029296875,WIN
2026-05-07,DIA,🏭 道琼斯,497.2749938964844,0.1737143176269531,491.8760072566297,502.6739805363391,501.1700134277344,494.7699890136719,WIN
2026-05-08,GLD,🏆 黄金,432.2699890136719,0.11524322265625,429.1564773517021,435.3835006756417,436.2000122070313,431.7000122070313,LOSS
2026-05-08,USO,🛢️ 原油,134.625,0.5293015820312501,130.1714234074402,139.0785765925598,135.22000122070312,132.13999938964844,WIN
2026-05-08,UNG,🔥 天然气,10.770000457763672,0.4062559375,10.496539418210908,11.043461497316436,10.920000076293944,10.520000457763672,WIN
2026-05-08,SPY,📈 标普500,737.0800170898438,0.0623873059082031,734.2059898082807,739.9540443714068,738.0800170898438,734.5700073242188,WIN
2026-05-08,QQQ,💻 纳指100,707.5700073242188,0.0896087133789062,703.6072299503546,711.5327846980829,711.22998046875,699.5,LOSS
2026-05-08,DIA,🏭 道琼斯,496.6499938964844,0.054696953125,494.9521663067539,498.34782148621485,498.5499877929688,494.9299926757813,LOSS
2026-05-11,GLD,🏆 黄金,433.0400085449219,0.0910735424804687,430.5751030690495,435.5049140207943,436.0400085449219,432.2099914550781,LOSS
2026-05-11,USO,🛢️ 原油,139.9949951171875,0.5908244042968751,134.8254663925215,145.1645238418535,140.89999389648438,135.86000061035156,WIN
2026-05-11,UNG,🔥 天然气,11.145000457763672,0.4960987890625,10.799436630813824,11.49056428471352,11.25,10.9399995803833,WIN
2026-05-11,SPY,📈 标普500,739.0399780273438,0.0804535314941406,735.3238295181155,742.756126536572,740.7899780273438,736.4500122070312,WIN
2026-05-11,QQQ,💻 纳指100,712.3599853515625,0.1157314990234375,707.2073297922468,717.5126409108782,714.5900268554688,708.9099731445312,WIN
2026-05-11,DIA,🏭 道琼斯,496.0,0.1506432592773438,491.3300589624024,500.66994103759765,497.8399963378906,494.760009765625,WIN
2026-05-12,GLD,🏆 黄金,429.0799865722656,0.180672255859375,424.23480850238303,433.9251646421482,432.9800109863281,425.8500061035156,WIN
2026-05-12,USO,🛢️ 原油,143.62989807128906,0.4965870654296875,139.1721012218399,148.08769492073822,144.8000030517578,143.08999633789062,WIN
2026-05-12,UNG,🔥 天然气,10.819899559020996,0.476567734375,10.497623620333014,11.142175497708978,11.010000228881836,10.779999732971191,WIN
2026-05-12,SPY,📈 标普500,732.0399780273438,0.1007170007324218,727.4319235896473,736.6480324650402,738.8400268554688,731.8300170898438,LOSS
2026-05-12,QQQ,💻 纳指100,696.9400024414062,0.2075274560546874,687.900365833318,705.9796390494945,710.1799926757812,696.6400146484375,LOSS
2026-05-12,DIA,🏭 道琼斯,496.1900024414063,0.1213466772460937,492.426814436469,499.9531904463435,498.4100036621094,493.1900024414063,WIN
2026-05-13,GLD,🏆 黄金,431.3699951171875,0.1696860375976562,426.7951535415653,435.94483669280976,432.489990234375,428.75,WIN
2026-05-13,USO,🛢️ 原油,143.07000732421875,0.1855550195312499,141.41079744900742,144.72921719943008,145.0,141.27000427246094,LOSS
2026-05-13,UNG,🔥 天然气,11.039999961853027,0.10938390625,10.964525066801318,11.115474856904736,11.210000038146973,10.949999809265137,LOSS
2026-05-13,SPY,📈 标普500,742.4600219726562,0.0347996911621093,740.8451857561024,744.0748581892101,743.9099731445312,735.469970703125,LOSS
2026-05-13,QQQ,💻 纳指100,714.4299926757812,0.0723969714355468,711.1973321900033,717.6626531615592,716.6500244140625,704.8300170898438,LOSS
2026-05-13,DIA,🏭 道琼斯,496.0899963378906,0.1334315173339843,491.95286877879215,500.2271238969891,497.6099853515625,494.6400146484375,WIN
2026-05-14,GLD,🏆 黄金,429.3250122070313,0.2315750671386718,423.1112016741466,435.5388227399159,431.5400085449219,427.1000061035156,WIN
2026-05-14,USO,🛢️ 原油,141.47999572753906,0.4917043017578125,137.13210057054482,145.8278908845333,143.0,140.58999633789062,WIN
2026-05-14,UNG,🔥 天然气,11.175000190734863,0.257819921875,10.99492908597684,11.355071295492886,11.210000038146973,10.760000228881836,LOSS
2026-05-14,SPY,📈 标普500,747.7899780273438,0.1212246081542968,742.1243188355891,753.4556372190984,749.530029296875,743.5599975585938,WIN
2026-05-14,QQQ,💻 纳指100,720.4600219726562,0.1530846411132813,713.5668117288968,727.3532322164157,722.030029296875,714.219970703125,WIN
2026-05-14,DIA,🏭 道琼斯,500.8800048828125,0.1473473937988281,496.26729467497336,505.4927150906517,502.1600036621094,498.8500061035156,WIN
2026-05-15,GLD,🏆 黄金,416.8200073242188,0.0915618188476562,414.43470744905005,419.20530719938745,419.25,414.1199951171875,LOSS
2026-05-15,USO,🛢️ 原油,147.25,0.446294599609375,143.14269501296997,151.35730498703003,148.41000366210938,145.1699981689453,WIN
2026-05-15,UNG,🔥 天然气,11.31999969482422,0.3281317187499999,11.087846510067209,11.552152879581229,11.380000114440918,11.149999618530272,WIN
2026-05-15,SPY,📈 标普500,741.239990234375,0.0514010876464843,738.8587063778052,743.6212740909448,743.4600219726562,737.9600219726562,LOSS
2026-05-15,QQQ,💻 纳指100,711.3200073242188,0.0698335205078125,708.2153835542754,714.4246310941621,715.1300048828125,705.5499877929688,LOSS
2026-05-15,DIA,🏭 道琼斯,496.0700073242188,0.0737397314453125,493.7837530043336,498.3562616441039,497.739990234375,495.0799865722656,WIN
2026-05-18,GLD,🏆 黄金,418.1099853515625,0.0415134912109375,417.0251600264314,419.1948106766936,420.9299926757813,416.05999755859375,LOSS
2026-05-18,USO,🛢️ 原油,149.75999450683594,0.6538120556640626,143.6403138902889,155.879675123383,154.0800018310547,144.9600067138672,WIN
2026-05-18,UNG,🔥 天然气,11.600000381469728,0.3203192968749999,11.367768883598345,11.832231879341109,11.609999656677246,11.359999656677246,LOSS
2026-05-18,SPY,📈 标普500,737.1303100585938,0.0273534765625,735.8701177673628,738.3905023498247,741.4199829101562,733.3900146484375,LOSS
2026-05-18,QQQ,💻 纳指100,703.3800048828125,0.0465183239746093,701.3350011987874,705.4250085668376,712.0700073242188,698.8499755859375,LOSS
2026-05-18,DIA,🏭 道琼斯,496.1400146484375,0.141610146484375,491.74886088899217,500.5311684078828,497.6400146484375,493.6000061035156,WIN
2026-05-19,GLD,🏆 黄金,413.7950134277344,0.1931233032226562,408.8004221870952,418.7896046683736,414.4700012207031,409.8800048828125,WIN
2026-05-19,USO,🛢️ 原油,152.13999938964844,0.5092822509765625,147.2973618051026,156.98263697419426,153.5,150.22000122070312,WIN
2026-05-19,UNG,🔥 天然气,11.859999656677246,0.2968820312499999,11.63993585738358,12.080063455970912,11.9399995803833,11.68000030517578,WIN
2026-05-19,SPY,📈 标普500,736.9600219726562,0.0526217785644531,734.5362627797125,739.3837811656,737.6500244140625,731.530029296875,LOSS
2026-05-19,QQQ,💻 纳指100,705.4450073242188,0.0597017858886718,702.8127369002498,708.0772777481877,706.489990234375,695.25,LOSS
2026-05-19,DIA,🏭 道琼斯,495.8800048828125,0.1597984411621093,490.9274516463292,500.8325581192958,496.3399963378906,492.5799865722656,WIN
2026-05-20,GLD,🏆 黄金,416.260009765625,0.0925383715820312,413.852508299473,418.667511231777,417.989990234375,410.0799865722656,LOSS
2026-05-20,USO,🛢️ 原油,143.0399932861328,0.3950255810546875,139.50846475726323,146.5715218150024,150.5399932861328,141.9600067138672,LOSS
2026-05-20,UNG,🔥 天然气,11.470000267028809,0.3515689843749999,11.21796924548754,11.722031288570076,11.779999732971191,11.369999885559082,LOSS
2026-05-20,SPY,📈 标普500,740.3499755859375,0.0826507751464843,736.5255693758213,744.1743817960537,741.8699951171875,733.8900146484375,LOSS
2026-05-20,QQQ,💻 纳指100,710.97998046875,0.1414880773925781,704.6927810624289,717.2671798750711,713.1500244140625,703.7899780273438,LOSS
2026-05-20,DIA,🏭 道琼斯,499.7999877929688,0.1215908154296875,496.0017947887503,503.5981807971872,500.9299926757813,492.489990234375,LOSS
2026-05-21,GLD,🏆 黄金,416.4750061035156,0.117196328125,413.42442226156754,419.5255899454637,418.4200134277344,411.9500122070313,LOSS
2026-05-21,USO,🛢️ 原油,143.85000610351562,1.0532273901367186,134.38083319729333,153.31917900973792,150.25999450683594,140.22999572753906,WIN
2026-05-21,UNG,🔥 天然气,11.375,0.5195360546875,11.005642336120603,11.744357663879397,11.609999656677246,11.3100004196167,WIN
2026-05-21,SPY,📈 标普500,741.8098754882812,0.0150244982910156,741.113292912873,742.5064580636895,744.8699951171875,737.030029296875,LOSS
2026-05-21,QQQ,💻 纳指100,713.8300170898438,0.0186865710449218,712.9963273818221,714.6637067978654,717.1199951171875,706.77001953125,LOSS
2026-05-21,DIA,🏭 道琼斯,501.3900146484375,0.0622652368164062,499.4388166484708,503.34121264840417,504.0499877929688,497.2099914550781,LOSS
2026-05-22,GLD,🏆 黄金,414.2749938964844,0.1687094848632813,409.9067363457335,418.6432514472353,415.6799926757813,412.0,WIN
2026-05-22,USO,🛢️ 原油,142.1750030517578,0.415044912109375,138.4869398238974,145.86306627961824,143.77999877929688,138.7100067138672,WIN
2026-05-22,UNG,🔥 天然气,10.940099716186523,0.2890696093749999,10.742446569218924,11.137752863154123,11.199999809265137,10.899999618530272,LOSS
2026-05-22,SPY,📈 标普500,747.1799926757812,0.0754486987304687,743.6566327904794,750.7033525610831,748.9400024414062,744.47998046875,WIN
2026-05-22,QQQ,💻 纳指100,719.9849853515625,0.0936369934082031,715.7714085186019,724.1985621845231,722.1199951171875,715.9500122070312,WIN
2026-05-22,DIA,🏭 道琼斯,507.3299865722656,0.0747162841796875,504.960873356665,509.6990997878663,508.739990234375,505.6900024414063,WIN
2026-05-25,GLD,🏆 黄金,413.8200073242188,0.2330398962402343,407.7927216011582,419.8472930472793,,,
2026-05-25,USO,🛢️ 原油,140.9199981689453,1.08203583984375,131.38996763335066,150.45002870453996,,,
2026-05-25,UNG,🔥 天然气,10.9399995803833,0.500005,10.598121174746456,11.281877986020149,,,
2026-05-25,SPY,📈 标普500,745.6400146484375,0.1369715209960937,739.2567992158158,752.0232300810592,,,
2026-05-25,QQQ,💻 纳指100,717.5399780273438,0.1922688195800781,708.9174427412917,726.1625133133958,,,
2026-05-25,DIA,🏭 道琼斯,506.1199951171875,0.1624839611816406,500.9802212646954,511.2597689696796,,,
2026-05-26,GLD,🏆 黄金,413.1700134277344,0.1848226049804687,408.3973160413888,417.94271081407993,415.9800109863281,411.5,WIN
2026-05-26,USO,🛢️ 原油,137.33999633789062,0.6015664843750002,132.17630016532436,142.5036925104569,138.6999969482422,135.94000244140625,WIN
2026-05-26,UNG,🔥 天然气,10.979900360107422,0.492192578125,10.642136268495117,11.317664451719727,11.220000267028809,10.880000114440918,WIN
2026-05-26,SPY,📈 标普500,748.969970703125,0.0604342004394531,746.1410081198372,751.7989332864128,752.1300048828125,748.3699951171875,LOSS
2026-05-26,QQQ,💻 纳指100,728.030029296875,0.0655611022949218,725.0468760953432,731.0131824984068,731.1699829101562,724.1599731445312,LOSS
2026-05-26,DIA,🏭 道琼斯,504.3500061035156,0.1549156774902344,499.4667734230325,509.23323878399873,508.239990234375,503.9700012207031,WIN
2026-05-27,GLD,🏆 黄金,408.5499877929688,0.05274384765625,407.2032066482116,409.89676893772594,409.25,404.2999877929688,LOSS
2026-05-27,USO,🛢️ 原油,131.39999389648438,0.364264169921875,128.40847453995673,134.39151325301202,133.5800018310547,129.63999938964844,WIN
2026-05-27,UNG,🔥 天然气,11.330100059509276,0.2500075,11.153061935095042,11.507138183923512,11.40999984741211,11.09000015258789,LOSS
2026-05-27,SPY,📈 标普500,749.3800048828125,0.0388279711914062,747.5614483052497,751.1985614603753,751.3800048828125,748.219970703125,LOSS
2026-05-27,QQQ,💻 纳指100,727.0999755859375,0.0621431677246093,724.2759571024752,729.9239940693998,733.3200073242188,725.4400024414062,LOSS
2026-05-27,DIA,🏭 道琼斯,507.0799865722656,0.1242763354492187,503.1413589153381,511.01861422919313,508.7000122070313,505.80999755859375,WIN
2026-05-28,GLD,🏆 黄金,413.6700134277344,0.2047198669433593,408.3771090460229,418.96291780944586,414.510009765625,405.4100036621094,LOSS
2026-05-28,USO,🛢️ 原油,129.93499755859375,0.5410202148437502,125.54140629016422,134.32858882702328,133.83999633789062,127.7699966430664,WIN
2026-05-28,UNG,🔥 天然气,11.854999542236328,0.4687553125,11.507681166292056,12.2023179181806,11.93000030517578,11.289999961853027,LOSS
2026-05-28,SPY,📈 标普500,754.8499755859375,0.0260107165527343,753.6228387887622,756.0771123831128,755.1500244140625,749.22998046875,LOSS
2026-05-28,QQQ,💻 纳指100,736.4299926757812,0.0471286694335937,734.2608073204187,738.5991780311438,736.5999755859375,726.4099731445312,LOSS
2026-05-28,DIA,🏭 道琼斯,506.739990234375,0.1099942517089843,503.256334857072,510.223645611678,508.2099914550781,503.6400146484375,WIN
2026-05-29,GLD,🏆 黄金,417.83929443359375,0.23242955078125,411.7694069645966,423.9091819025909,421.8200073242188,415.0799865722656,WIN
2026-05-29,USO,🛢️ 原油,127.6750030517578,0.35742830078125,124.8228368396934,130.52716926382223,130.32000732421875,126.5500030517578,WIN
2026-05-29,UNG,🔥 天然气,12.005000114440918,0.39063109375,11.71190471911761,12.298095509764224,12.220000267028809,11.869999885559082,WIN
2026-05-29,SPY,📈 标普500,755.614990234375,0.0882659533691406,751.4465478910594,759.7834325776906,758.0800170898438,754.6900024414062,WIN
2026-05-29,QQQ,💻 纳指100,736.510009765625,0.1159756372070312,731.1714336598797,741.8485858713703,741.6300048828125,735.25,WIN
2026-05-29,DIA,🏭 道琼斯,509.8500061035156,0.0988859643554687,506.6989430078789,513.0010691991523,511.30999755859375,507.2000122070313,WIN
2026-06-01,GLD,🏆 黄金,411.6099853515625,0.059579716796875,410.07725995418673,413.1427107489383,412.6099853515625,408.239990234375,LOSS
2026-06-01,USO,🛢️ 原油,135.00999450683594,0.6052285571289064,129.9030004960013,140.11698851767056,138.91000366210938,133.02000427246094,WIN
2026-06-01,UNG,🔥 天然气,11.524999618530272,0.4726615234375,11.184535626198327,11.86546361086222,11.65999984741211,11.449999809265137,WIN
2026-06-01,SPY,📈 标普500,759.4829711914062,0.0357762438964843,757.7847556906206,761.1811866921919,760.280029296875,754.6900024414062,LOSS
2026-06-01,QQQ,💻 纳指100,743.7050170898438,0.0481052221679687,741.469011147685,745.9410230320025,745.6500244140625,735.989990234375,LOSS
2026-06-01,DIA,🏭 道琼斯,511.4849853515625,0.1173183972167968,507.7345729339437,515.2353977691814,511.8599853515625,508.3299865722656,WIN
2026-06-02,GLD,🏆 黄金,411.8299865722656,0.15039912109375,407.9588073209832,415.7011658235481,414.3999938964844,411.1000061035156,WIN
2026-06-02,USO,🛢️ 原油,137.27999877929688,0.483403603515625,133.13239589801358,141.42760166058017,137.6699981689453,134.17999267578125,WIN
2026-06-02,UNG,🔥 天然气,11.439900398254396,0.4062559375,11.149429931929427,11.730370864579362,11.520000457763672,11.329999923706056,WIN
2026-06-02,SPY,📈 标普500,759.0,0.0372410729980468,757.2333765996551,760.7666234003449,760.4000244140625,756.75,LOSS
2026-06-02,QQQ,💻 纳指100,744.385009765625,0.0609224768066406,741.550648609834,747.219370921416,746.4400024414062,739.22998046875,LOSS
2026-06-02,DIA,🏭 道琼斯,513.7000122070312,0.10938390625,510.1881050835389,517.2119193305236,514.489990234375,508.9299926757813,LOSS
2026-06-03,GLD,🏆 黄金,407.3599853515625,0.0769135278320312,405.4017670033754,409.3182036997496,409.3800048828125,406.2300109863281,LOSS
2026-06-03,USO,🛢️ 原油,141.2899932861328,0.1245204736328125,140.19039973090992,142.3895868413557,141.4199981689453,138.38999938964844,LOSS
2026-06-03,UNG,🔥 天然气,11.659899711608888,0.3125068749999999,11.432162285253368,11.887637137964406,11.760000228881836,11.4399995803833,WIN
2026-06-03,SPY,📈 标普500,755.6900024414062,0.0510348803710937,753.279593136892,758.1004117459205,758.7999877929688,753.5700073242188,LOSS
2026-06-03,QQQ,💻 纳指100,744.844970703125,0.063485927734375,741.8895223291643,747.8004190770857,748.6500244140625,741.010009765625,LOSS
2026-06-03,DIA,🏭 道琼斯,509.489990234375,0.1285487536621093,505.39659628137815,513.5833841873718,512.8499755859375,507.989990234375,WIN
2026-06-04,GLD,🏆 黄金,411.0851135253906,0.1843343286132812,406.3490448751021,415.8211821756792,,,LOSS
2026-06-04,USO,🛢️ 原油,135.1999969482422,0.5258836474609375,130.7562802275016,139.64371366898277,,,LOSS
2026-06-04,UNG,🔥 天然气,12.150099754333496,0.335944140625,11.894990078053649,12.405209430613343,,,LOSS
2026-06-04,SPY,📈 标普500,757.239990234375,0.0278417529296874,755.9223096895885,758.5576707791615,,,LOSS
2026-06-04,QQQ,💻 纳指100,741.8300170898438,0.0358983129882812,740.1656142062442,743.4944199734433,,,LOSS
2026-06-04,DIA,🏭 道琼斯,515.9650268554688,0.1441735974121093,511.315743476682,520.6143102342555,,,LOSS
2026-06-05,GLD,🏆 黄金,398.39990234375,0.0439548730468749,397.3054262731621,399.4943784143379,404.7200012207031,395.9200134277344,LOSS
2026-06-05,USO,🛢️ 原油,132.75999450683594,0.2280350634765625,130.8678736459288,134.65211536774308,135.1999969482422,132.24000549316406,LOSS
2026-06-05,UNG,🔥 天然气,11.71500015258789,1.0000000000000004e-05,11.714992830712797,11.715007474462986,11.920000076293944,11.630000114440918,LOSS
2026-06-05,SPY,📈 标普500,743.64501953125,0.1069425244140625,738.6745648027114,748.6154742597886,752.8200073242188,735.530029296875,LOSS
2026-06-05,QQQ,💻 纳指100,715.6950073242188,0.1866536413574218,707.3458148730692,724.0441997753683,731.6900024414062,704.3200073242188,LOSS
2026-06-05,DIA,🏭 道琼斯,512.4199829101562,0.0988859643554687,509.25303639983855,515.586929420474,517.75,508.75,LOSS
2026-06-08,GLD,🏆 黄金,397.8999938964844,0.1274501318359375,394.73046847900775,401.069519313961,398.9800109863281,396.0299987792969,WIN
2026-06-08,USO,🛢️ 原油,135.05999755859375,0.526371923828125,130.61676063689757,139.50323448028993,136.52999877929688,133.9499969482422,WIN
2026-06-08,UNG,🔥 天然气,11.350000381469728,0.476567734375,11.0119351335352,11.688065629404251,11.4399995803833,11.229999542236328,WIN
2026-06-08,SPY,📈 标普500,741.1699829101562,0.0886321606445312,737.0642643482689,745.2757014720436,745.3400268554688,738.1900024414062,LOSS
2026-06-08,QQQ,💻 纳指100,718.6644897460938,0.1012052770996093,714.1186998194436,723.2102796727439,723.030029296875,713.0700073242188,LOSS
2026-06-08,DIA,🏭 道琼斯,509.1099853515625,0.180672255859375,503.3611072556875,514.8588634474376,513.760009765625,508.3200073242188,WIN
2026-06-09,GLD,🏆 黄金,390.9450073242188,0.2197343652343749,385.5760040100978,396.3140106383397,,,LOSS
2026-06-09,USO,🛢️ 原油,131.36000061035156,0.6626010302734376,125.92004612653042,136.7999550941727,,,LOSS
2026-06-09,UNG,🔥 天然气,11.454999923706056,0.4179745703124999,11.155756256766008,11.754243590646102,,,LOSS
2026-06-09,SPY,📈 标普500,727.9600219726562,0.0857025024414062,724.0607722501339,731.8592716951786,,,LOSS
2026-06-09,QQQ,💻 纳指100,695.5,0.0877776770019531,691.6844141028214,699.3155858971786,,,LOSS
2026-06-09,DIA,🏭 道琼斯,504.9100036621094,0.2015460705566406,498.5498394606821,511.2701678635367,,,LOSS
2026-06-10,GLD,🏆 黄金,376.6000061035156,0.3210517114257812,369.0432513233598,384.1567608836714,,,LOSS
2026-06-10,USO,🛢️ 原油,136.17999267578125,0.149422568359375,134.90821990923274,137.45176544232976,,,LOSS
2026-06-10,UNG,🔥 天然气,11.620100021362305,0.257819921875,11.432856691381849,11.807343351342762,,,LOSS
2026-06-10,SPY,📈 标普500,727.9691772460938,0.1749350085449219,720.0099713559697,735.9283831362178,,,LOSS
2026-06-10,QQQ,💻 纳指100,696.0130004882812,0.2108233215332031,686.8420147012043,705.1839862753582,,,LOSS
2026-06-10,DIA,🏭 道琼斯,501.9200134277344,0.2335281726074218,494.5942344570549,509.2457923984138,,,LOSS
2026-06-11,GLD,🏆 黄金,380.8699951171875,1.0000000000000004e-05,380.86975707344055,380.8702331609345,387.2099914550781,371.8800048828125,LOSS
2026-06-11,USO,🛢️ 原油,129.6999969482422,1.4116240356445315,118.25701987854464,141.14297401793976,135.97999572753906,127.87000274658205,WIN
2026-06-11,UNG,🔥 天然气,11.175000190734863,0.5468795312500001,10.79303901160813,11.556961369861597,11.34000015258789,11.109999656677246,WIN
2026-06-11,SPY,📈 标普500,734.1799926757812,1.0000000000000004e-05,734.1795338132858,734.1804515382767,740.0,724.4099731445312,LOSS
2026-06-11,QQQ,💻 纳指100,709.4349975585938,1.0000000000000004e-05,709.4345541617203,709.4354409554672,718.3699951171875,695.0,LOSS
2026-06-11,DIA,🏭 道琼斯,507.75,0.05665005859375,505.95224579681394,509.54775420318606,510.760009765625,501.5700073242188,LOSS
2026-06-12,GLD,🏆 黄金,387.239990234375,0.1032804516601562,384.7403451661074,389.73963530264257,388.7699890136719,383.3500061035156,LOSS
2026-06-12,USO,🛢️ 原油,126.22000122070312,0.25977302734375,124.170716731426,128.26928570998024,129.77000427246094,125.3000030517578,LOSS
2026-06-12,UNG,🔥 天然气,11.3149995803833,0.3437565625,11.071899245355707,11.558099915410894,11.380000114440918,11.15999984741211,WIN
2026-06-12,SPY,📈 标普500,742.4124755859375,0.0632417895507812,739.4780072396325,745.3469439322425,744.4400024414062,735.030029296875,LOSS
2026-06-12,QQQ,💻 纳指100,723.2999877929688,0.0824066369628906,719.5746928236364,727.0252827623011,724.010009765625,711.280029296875,LOSS
2026-06-12,DIA,🏭 道琼斯,513.7650146484375,0.0671480004882812,511.6088713075328,515.9211579893422,515.2999877929688,509.4800109863281,LOSS
2026-06-15,GLD,🏆 黄金,396.989990234375,0.0730073168945312,395.17854185806266,398.80143861068734,,,LOSS
2026-06-15,USO,🛢️ 原油,120.75499725341795,0.3706117626953125,117.95792085427068,123.55207365256528,,,LOSS
2026-06-15,UNG,🔥 天然气,11.399999618530272,0.42188078125,11.09940957194807,11.700589665112476,,,LOSS
2026-06-15,SPY,📈 标普500,755.1500244140625,0.0368748657226562,753.4096459296419,756.8904028984831,,,LOSS
2026-06-15,QQQ,💻 纳指100,743.8800048828125,0.0388279711914062,742.0747954203467,745.6852143452783,744.760009765625,737.3800048828125,LOSS
2026-06-15,DIA,🏭 道琼斯,519.3499755859375,0.1200039172363281,515.454723618006,523.245227553869,520.8400268554688,517.8699951171875,WIN
2026-06-16,GLD,🏆 黄金,398.2453918457031,0.2207109179687499,392.75182272001,403.7389609713962,398.9599914550781,395.8200073242188,WIN
2026-06-16,USO,🛢️ 原油,114.66500091552734,0.3657289990234375,112.04398116503626,117.28602066601844,116.98999786376952,113.30999755859376,WIN
2026-06-16,UNG,🔥 天然气,11.800100326538086,0.35938140625,11.53505428596044,12.065146367115732,11.829999923706056,11.4399995803833,LOSS
2026-06-16,SPY,📈 标普500,752.0999755859375,0.0355321057128906,750.4297445959886,753.7702065758864,755.4400024414062,749.8800048828125,LOSS
2026-06-16,QQQ,💻 纳指100,733.5599975585938,0.0661714477539062,730.5262021177934,736.593792999394,744.219970703125,729.6400146484375,LOSS
2026-06-16,DIA,🏭 道琼斯,522.0900268554688,0.1193935717773437,518.1941397869936,525.9859139239439,523.2999877929688,520.0599975585938,WIN
2026-06-17,GLD,🏆 黄金,401.2000122070313,0.1369715209960937,397.7654512135532,404.6345732005093,402.0400085449219,387.0799865722656,LOSS
2026-06-17,USO,🛢️ 原油,114.69499969482422,0.43555251953125,111.57276868890445,117.817230700744,120.0,114.12999725341795,LOSS
2026-06-17,UNG,🔥 天然气,11.44499969482422,0.437505625,11.132046460786164,11.757952928862274,11.579999923706056,11.350000381469728,WIN
2026-06-17,SPY,📈 标普500,749.510009765625,0.1248866809082031,743.659771176431,755.360248354819,752.1500244140625,739.219970703125,LOSS
2026-06-17,QQQ,💻 纳指100,732.4600219726562,0.1512536047363281,725.5358208071178,739.3842231381947,735.6799926757812,720.8499755859375,LOSS
2026-06-17,DIA,🏭 道琼斯,522.47998046875,0.1440515283203124,517.7759779872944,527.1839829502056,524.1699829101562,515.2999877929688,LOSS
2026-06-18,GLD,🏆 黄金,388.05999755859375,0.098641826171875,385.6675633821292,390.4524317350583,,,LOSS
2026-06-18,USO,🛢️ 原油,112.9749984741211,0.196297099609375,111.58895694106836,114.3610400071738,,,LOSS
2026-06-18,UNG,🔥 天然气,11.71500015258789,0.45313046875,11.383223683178612,12.04677662199717,,,LOSS
2026-06-18,SPY,📈 标普500,747.3699951171875,0.0876556079101562,743.2755469136995,751.4644433206755,,,LOSS
2026-06-18,QQQ,💻 纳指100,740.3900146484375,0.0811859460449218,736.633185662097,744.146843634778,,,LOSS
2026-06-18,DIA,🏭 道琼斯,516.655029296875,0.1330653100585937,512.358225442705,520.951833151045,,,LOSS
2026-06-19,GLD,🏆 黄金,387.12,0.2065509033203124,382.12250089416506,392.11749910583495,,,
2026-06-19,USO,🛢️ 原油,114.87,0.5092822509765625,111.21367173939517,118.52632826060486,,,
2026-06-19,UNG,🔥 天然气,11.74,0.476567734375,11.390318424902343,12.089681575097655,,,
2026-06-19,SPY,📈 标普500,746.74,0.1057218334960937,741.8058298784455,751.6741701215545,,,
2026-06-19,QQQ,💻 纳指100,740.62,0.12500875,734.8335012234375,746.4064987765626,,,
2026-06-19,DIA,🏭 道琼斯,515.52,0.1390466955566406,511.039915469165,520.0000845308349,,,
2026-06-22,GLD,🏆 黄金,384.1712036132813,0.047861083984375,383.02202547324913,385.32038175331337,386.4100036621094,382.6400146484375,LOSS
2026-06-22,USO,🛢️ 原油,111.94989776611328,0.4751029052734374,108.62566516150424,115.27413037072232,112.80999755859376,111.12999725341795,WIN
2026-06-22,UNG,🔥 天然气,11.779999732971191,0.5195360546875,11.397491321378212,12.16250814456417,11.960000038146973,11.770000457763672,WIN
2026-06-22,SPY,📈 标普500,745.0399780273438,0.0317479638671875,743.5616341334674,746.5183219212201,750.1799926757812,743.1300048828125,LOSS
2026-06-22,QQQ,💻 纳指100,737.3800048828125,0.0603121313476562,734.6004449010858,740.1595648645392,745.4500122070312,734.3900146484375,LOSS
2026-06-22,DIA,🏭 道琼斯,517.2249755859375,0.1319666882324218,512.9589463922393,521.4910047796357,518.9099731445312,515.989990234375,WIN
2026-06-23,GLD,🏆 黄金,379.25,0.2308426525878906,373.7783077503777,384.7216922496223,380.3500061035156,377.1700134277344,WIN
2026-06-23,USO,🛢️ 原油,111.04000091552734,0.4360407958984374,108.01387776704172,114.06612406401295,111.52999877929688,110.05999755859376,WIN
2026-06-23,UNG,🔥 天然气,11.420000076293944,0.5546919531250001,11.024088692106,11.81591146048189,11.670000076293944,11.40999984741211,WIN
2026-06-23,SPY,📈 标普500,736.8300170898438,0.0983976879882812,732.2986189572183,741.3614152224692,739.6300048828125,732.2999877929688,WIN
2026-06-23,QQQ,💻 纳指100,717.9400024414062,0.1586998193359375,710.8189431488129,725.0610617339996,723.6099853515625,712.1099853515625,WIN
2026-06-23,DIA,🏭 道琼斯,518.0499877929688,0.1629112030029297,512.7752286225309,523.3247469634066,518.719970703125,512.969970703125,WIN
2026-06-24,GLD,🏆 黄金,367.7999877929688,0.1333094482421875,364.7355369532085,370.864438632729,370.8999938964844,363.3200073242188,LOSS
2026-06-24,USO,🛢️ 原油,107.0,0.3086006640625,104.93623305908204,109.06376694091796,107.66000366210938,105.6500015258789,WIN
2026-06-24,UNG,🔥 天然气,11.6899995803833,0.26563234375,11.495921956197442,11.88407720456916,11.760000228881836,11.479999542236328,LOSS
2026-06-24,SPY,📈 标普500,735.6400146484375,0.2087481469726562,726.0422965298876,745.2377327669874,739.9500122070312,730.8400268554688,WIN
2026-06-24,QQQ,💻 纳指100,712.8300170898438,0.3294744787597655,698.1513109445318,727.5087232351557,719.9299926757812,704.4500122070312,WIN
2026-06-24,DIA,🏭 道琼斯,520.280029296875,0.1890950231933593,514.1311315339416,526.4289270598084,522.4299926757812,516.010009765625,WIN
2026-06-25,GLD,🏆 黄金,369.4993896484375,0.3205634350585937,362.0963900485777,376.9023892482973,371.0400085449219,366.7999877929688,WIN
2026-06-25,USO,🛢️ 原油,108.66999816894533,0.4414118359375,105.67198420625289,111.66801213163774,110.0500030517578,105.87000274658205,WIN
2026-06-25,UNG,🔥 天然气,11.779999732971191,0.507817421875,11.40611916459084,12.153880301351542,11.979999542236328,11.579999923706056,WIN
2026-06-25,SPY,📈 标普500,732.7750244140625,0.1471032556152343,726.0379249312599,739.5121238968651,739.3699951171875,729.5999755859375,WIN
2026-06-25,QQQ,💻 纳指100,715.0255737304688,0.2014240014648437,706.0241167173133,724.0270307436242,726.8300170898438,705.2999877929688,LOSS
2026-06-25,DIA,🏭 道琼斯,520.4000244140625,0.1949543395996093,514.0591342211085,526.7409146070165,526.5700073242188,518.5499877929688,WIN
2026-06-26,GLD,🏆 黄金,375.1300048828125,0.1345301391601562,371.9758616478104,378.28414811781465,375.8500061035156,371.1799926757813,LOSS
2026-06-26,USO,🛢️ 原油,104.62000274658205,0.2978585839843749,102.6723798794234,106.56762561374067,106.16999816894533,104.06999969482422,WIN
2026-06-26,UNG,🔥 天然气,12.100000381469728,0.17188328125,11.970013645926397,12.229987117013057,12.109999656677246,11.760000228881836,LOSS
2026-06-26,SPY,📈 标普500,734.6300048828125,0.1218349536132812,729.0360290973236,740.2239806683014,736.530029296875,716.5800170898438,LOSS
2026-06-26,QQQ,💻 纳指100,713.614990234375,0.129891513671875,707.8217070305948,719.4082734381552,715.5599975585938,702.8099975585938,LOSS
2026-06-26,DIA,🏭 道琼斯,519.5750122070312,0.1505211901855469,514.6870716302767,524.4629527837858,521.280029296875,516.0999755859375,WIN
2026-06-29,GLD,🏆 黄金,369.760009765625,0.0515231567382812,368.5693095819561,370.9507099492939,371.1900024414063,366.9700012207031,LOSS
2026-06-29,USO,🛢️ 原油,107.68499755859376,0.372076591796875,105.18080587864024,110.18918923854729,107.98999786376952,106.19000244140624,WIN
2026-06-29,UNG,🔥 天然气,11.454999923706056,0.414068359375,11.158552859640448,11.75144698777166,11.550000190734863,11.380000114440918,WIN
2026-06-29,SPY,📈 标普500,740.0451049804688,0.0192969165039062,739.1525681929729,740.9376417679646,741.5599975585938,732.0900268554688,LOSS
2026-06-29,QQQ,💻 纳指100,722.489990234375,0.02930658203125,721.1666332240275,723.8133472447225,724.5800170898438,705.1699829101562,LOSS
2026-06-29,DIA,🏭 道琼斯,521.489990234375,0.0988859643554687,518.2669876977469,524.7129927710031,522.97998046875,519.4000244140625,WIN
2026-06-30,GLD,🏆 黄金,369.9299926757813,0.0874114697265625,367.90898490354834,371.95100044801416,372.8299865722656,368.260009765625,LOSS
2026-06-30,USO,🛢️ 原油,106.08999633789062,0.3588931298828125,103.71031066070552,108.46968201507572,108.1500015258789,105.12000274658205,WIN
2026-06-30,UNG,🔥 天然气,11.9350004196167,0.4257869921875,11.617389923965128,12.25261091526827,11.979999542236328,11.670000076293944,WIN
2026-06-30,SPY,📈 标普500,746.89501953125,0.0494479821777343,744.5867413053487,749.2032977571513,748.02001953125,740.8900146484375,LOSS
2026-06-30,QQQ,💻 纳指100,736.1300048828125,0.0594576477050781,733.3944699768463,738.8655397887787,737.6199951171875,723.9099731445312,LOSS
2026-06-30,DIA,🏭 道琼斯,523.010009765625,0.0599459240722656,521.0504898697221,524.9695296615279,523.1400146484375,519.5900268554688,LOSS
2026-07-01,GLD,🏆 黄金,373.6400146484375,0.1770101831054687,369.5063841854094,377.7736451114656,377.7799987792969,370.2099914550781,LOSS
2026-07-01,USO,🛢️ 原油,103.6999969482422,0.151375673828125,102.71889339111628,104.68110050536812,105.0,103.1500015258789,LOSS
2026-07-01,UNG,🔥 天然气,11.597900390625,0.3828186718749999,11.320407089120147,11.875393692129853,11.720000267028809,11.510000228881836,WIN
2026-07-01,SPY,📈 标普500,747.7589721679688,0.1060880407714843,742.8009543975563,752.7169899383812,749.4400024414062,742.3800048828125,LOSS
2026-07-01,QQQ,💻 纳指100,728.0999755859375,0.1551598156738281,721.0392344606854,735.1607167111896,731.9199829101562,724.5999755859375,WIN
2026-07-01,DIA,🏭 道琼斯,524.7000122070312,0.1694418994140625,519.1433767888474,530.2566476252151,526.719970703125,519.6199951171875,WIN
2026-07-02,GLD,🏆 黄金,377.9299926757813,0.1716391430664062,373.87576892065846,381.984216430904,380.2699890136719,376.2900085449219,WIN
2026-07-02,USO,🛢️ 原油,103.3949966430664,1.0000000000000004e-05,103.3949320211935,103.39506126493932,104.45999908447266,102.41999816894533,LOSS
2026-07-02,UNG,🔥 天然气,11.550000190734863,0.0312596875,11.527434603448157,11.57256577802157,11.59000015258789,11.34000015258789,LOSS
2026-07-02,SPY,📈 标普500,743.6199951171875,0.1323328955078125,737.4696584227273,749.7703318116477,751.3099975585938,740.030029296875,LOSS
2026-07-02,QQQ,💻 纳指100,713.0700073242188,0.2487868090820312,701.9823565883254,724.1576580601121,730.8300170898438,707.5599975585938,LOSS
2026-07-02,DIA,🏭 道琼斯,525.8099975585938,0.096688720703125,522.6325040587903,528.9874910583972,528.260009765625,523.72998046875,WIN
2026-07-03,GLD,🏆 黄金,378.1300048828125,0.195320546875,373.51396992384014,382.74603984178486,,,
2026-07-03,USO,🛢️ 原油,103.9800033569336,0.3554751953124999,101.66985885681484,106.29014785705236,,,
2026-07-03,UNG,🔥 天然气,11.579999923706056,0.41992767578125,11.276077270361746,11.883922577050363,,,
2026-07-03,SPY,📈 标普500,744.780029296875,0.0674531732177734,741.6401682765437,747.9198903172063,,,
2026-07-03,QQQ,💻 纳指100,712.5999755859375,0.1554039538574219,705.6786722281402,719.5212789437348,,,
2026-07-03,DIA,🏭 道琼斯,527.8800048828125,0.1125577026367187,524.1664448442207,531.5935649214043,,,
2026-07-06,GLD,🏆 黄金,381.510009765625,0.0554293676757812,380.1883311029194,382.8316884283306,382.4299926757813,378.8299865722656,LOSS
2026-07-06,USO,🛢️ 原油,104.01499938964844,0.3198310205078124,101.93579792696652,106.09420085233036,105.0199966430664,103.66000366210938,WIN
2026-07-06,UNG,🔥 天然气,11.604999542236328,0.437505625,11.287671256120651,11.922327828352005,11.720000267028809,11.460000038146973,WIN
2026-07-06,SPY,📈 标普500,750.9500122070312,0.0315038256835937,749.4713998144273,752.4286245996352,752.4099731445312,747.4099731445312,LOSS
2026-07-06,QQQ,💻 纳指100,723.2899780273438,0.1049894189453125,718.5438658697151,728.0360901849724,726.0800170898438,718.4500122070312,LOSS
2026-07-06,DIA,🏭 道琼斯,528.8300170898438,0.1041959698486327,525.3861448076096,532.2738893720779,530.0900268554688,525.8499755859375,WIN
2026-07-07,GLD,🏆 黄金,380.3150024414063,0.1994708959960937,375.5736415477973,385.0563633350153,383.5999145507813,375.5199890136719,LOSS
2026-07-07,USO,🛢️ 原油,106.9499969482422,0.3086006640625,104.88719444326031,109.01279945322406,109.83999633789062,105.48999786376952,LOSS
2026-07-07,UNG,🔥 天然气,11.765000343322754,0.3515689843749999,11.50648726695566,12.023513419689849,11.850000381469728,11.619999885559082,WIN
2026-07-07,SPY,📈 标普500,748.7449951171875,0.0629976513671875,745.7969216068551,751.6930686275199,750.9600219726562,745.2100219726562,LOSS
2026-07-07,QQQ,💻 纳指100,712.5800170898438,0.1211025390625,707.18656400517,717.9734701745175,716.3400268554688,704.9000244140625,LOSS
2026-07-07,DIA,🏭 道琼斯,528.2000122070312,0.1132901171875,524.4600221269454,531.9400022871171,532.5399780273438,527.1300048828125,LOSS
2026-07-08,GLD,🏆 黄金,370.8450012207031,0.0893645751953125,368.77372584586607,372.9162765955402,375.4700012207031,368.9500122070313,LOSS
2026-07-08,USO,🛢️ 原油,113.75990295410156,0.5473678076171876,109.8681211619309,117.65168474627222,115.0,110.9499969482422,WIN
2026-07-08,UNG,🔥 天然气,11.67990016937256,0.5390671093750001,11.286384542991794,12.073415795753323,11.850000381469728,11.539999961853027,WIN
2026-07-08,SPY,📈 标普500,742.9199829101562,0.0344334838867187,741.3211502063651,744.5188156139474,746.1500244140625,739.510009765625,LOSS
2026-07-08,QQQ,💻 纳指100,706.4498901367188,0.0433445275878906,704.5360940896879,708.3636861837496,712.260009765625,700.9099731445312,LOSS
2026-07-08,DIA,🏭 道琼斯,521.75,0.0991911370849609,518.5154390141201,524.9845609858799,524.4600219726562,520.030029296875,WIN
2026-07-09,GLD,🏆 黄金,378.7049865722656,0.2131426342773437,373.66010041901694,383.7498727255143,379.6499938964844,377.4100036621094,WIN
2026-07-09,USO,🛢️ 原油,109.08000183105467,0.500005,105.67121768633366,112.48878597577573,110.9000015258789,108.37999725341795,WIN
2026-07-09,UNG,🔥 天然气,10.85990047454834,0.429693203125,10.568248885765378,11.151552063331302,11.289999961853027,10.779999732971191,LOSS
2026-07-09,SPY,📈 标普500,751.0900268554688,0.0260107165527343,749.8690024933361,752.3110512176014,751.969970703125,745.5900268554688,LOSS
2026-07-09,QQQ,💻 纳指100,723.0599975585938,0.0350438293457031,721.476323111022,724.6436720061655,724.22998046875,715.1300048828125,LOSS
2026-07-09,DIA,🏭 道琼斯,524.5650024414062,0.1043790734863281,521.1429018827696,527.9871030000429,525.1500244140625,522.1400146484375,WIN
2026-07-10,GLD,🏆 黄金,376.8800048828125,0.1052335571289062,374.4012284125264,379.3587813530986,377.5499877929688,373.7000122070313,LOSS
2026-07-10,USO,🛢️ 原油,107.96499633789062,0.2871165039062499,106.02758806959147,109.90240460618976,110.9000015258789,107.48999786376952,LOSS
2026-07-10,UNG,🔥 天然气,10.515000343322754,0.187508125,10.39177234340083,10.63822834324468,10.619999885559082,10.350000381469728,LOSS
2026-07-10,SPY,📈 标普500,753.7999877929688,0.0396824548339843,751.930448169878,755.6695274160595,755.4199829101562,748.0999755859375,LOSS
2026-07-10,QQQ,💻 纳指100,725.2899780273438,0.0645845495605468,722.3623201191141,728.2176359355734,726.3900146484375,717.0,LOSS
2026-07-10,DIA,🏭 道琼斯,525.4400024414062,0.06836869140625,523.1947746051927,527.6852302776198,526.469970703125,521.739990234375,LOSS
2026-07-13,GLD,🏆 黄金,366.3200073242188,0.233406103515625,360.97617447738367,371.6638401710538,372.8912048339844,365.7699890136719,LOSS
2026-07-13,USO,🛢️ 原油,115.0199966430664,0.437505625,111.87487817314,118.16511511299282,119.04499816894533,111.70999908447266,LOSS
2026-07-13,UNG,🔥 天然气,10.475000381469728,0.3476627734374999,10.247389901195938,10.702610861743516,10.5,10.260000228881836,WIN
2026-07-13,SPY,📈 标普500,749.9500122070312,0.0788666333007812,746.2533851691157,753.6466392449468,753.9105224609375,748.030029296875,LOSS
2026-07-13,QQQ,💻 纳指100,713.3200073242188,0.1340418627929687,707.3440859148917,719.2959287335458,718.739990234375,710.0999755859375,WIN
2026-07-13,DIA,🏭 道琼斯,523.8300170898438,0.1199428826904296,519.9031619467479,527.7568722329396,527.8599853515625,522.9000244140625,LOSS
2026-07-14,GLD,🏆 黄金,372.76849365234375,0.3464420825195312,364.6970753249321,380.8399119797554,376.2799987792969,370.9400024414063,WIN
2026-07-14,USO,🛢️ 原油,120.00990295410156,0.42188078125,116.84553597810074,123.17426993010238,121.37000274658205,117.73159790039062,WIN
2026-07-14,UNG,🔥 天然气,10.46500015258789,0.3437565625,10.240161872649416,10.689838432526363,10.550000190734863,10.3149995803833,WIN
2026-07-14,SPY,📈 标普500,750.3150024414062,0.1663901721191406,742.5121872914189,758.1178175913936,753.2999877929688,748.6599731445312,WIN
2026-07-14,QQQ,💻 纳指100,718.5999755859375,0.2325516198730468,708.1555013132349,729.0444498586401,722.280029296875,714.3400268554688,WIN
2026-07-14,DIA,🏭 道琼斯,523.2999877929688,0.1577843011474609,518.1394551139445,528.460520471993,526.719970703125,522.5900268554688,WIN
2026-07-15,GLD,🏆 黄金,371.0549926757813,0.1242763354492187,368.17290800453856,373.937077347024,374.489990234375,369.5199890136719,LOSS
2026-07-15,USO,🛢️ 原油,119.5199966430664,0.2060626269531249,117.98070886296024,121.05928442317258,121.86000061035156,118.37000274658205,LOSS
2026-07-15,UNG,🔥 天然气,10.470000267028809,0.335944140625,10.250166814400652,10.689833719656963,10.579999923706056,10.350000381469728,WIN
2026-07-15,SPY,📈 标普500,751.4000244140625,0.1676108630371094,743.5285990029283,759.2714498251967,755.5800170898438,750.2000122070312,WIN
2026-07-15,QQQ,💻 纳指100,712.3499755859375,0.301764794921875,698.9148415674816,725.7851096043934,724.3499755859375,710.22998046875,WIN
2026-07-15,DIA,🏭 道琼斯,525.4199829101562,0.1381922119140625,520.8819235587686,529.9580422615439,527.72998046875,523.719970703125,WIN
2026-07-16,GLD,🏆 黄金,367.0299987792969,0.2569654382324219,361.1353722492489,372.9246253093448,368.4200134277344,364.05999755859375,WIN
2026-07-16,USO,🛢️ 原油,119.91000366210938,0.506840869140625,116.11154800743694,123.7084593167818,121.41000366210938,118.70870208740234,WIN
2026-07-16,UNG,🔥 天然气,10.270000457763672,0.398443515625,10.014249514772317,10.525751400755029,10.6850004196167,10.180500030517578,LOSS
2026-07-16,SPY,📈 标普500,753.1721801757812,0.1069425244140625,748.1380467841287,758.2063135674338,754.5700073242188,747.8900146484375,LOSS
2026-07-16,QQQ,💻 纳指100,709.3400268554688,0.1942219250488281,700.7294402598402,717.9506134510973,713.594970703125,702.6099853515625,WIN
2026-07-16,DIA,🏭 道琼斯,526.8400268554688,0.1117032189941406,523.161918924549,530.5181347863885,527.9099731445312,523.0800170898438,LOSS
2026-07-17,GLD,🏆 黄金,368.364990234375,0.1196377099609374,365.610593743036,371.119386725714,369.2099914550781,363.6000061035156,LOSS
2026-07-17,USO,🛢️ 原油,123.5,0.133797724609375,122.46724881317138,124.53275118682862,124.87999725341795,121.4499969482422,LOSS
2026-07-17,UNG,🔥 天然气,10.399999618530272,0.3125068749999999,10.196870157231018,10.603129079829529,10.529999732971191,10.380000114440918,WIN
2026-07-17,SPY,📈 标普500,745.625,0.0833831896972656,741.7392130738735,749.5107869261265,747.2899780273438,740.7999877929688,LOSS
2026-07-17,QQQ,💻 纳指100,698.2899780273438,0.0846038806152343,694.5976004063538,701.9823556483337,702.2999877929688,686.760009765625,LOSS
2026-07-17,DIA,🏭 道琼斯,523.5662841796875,0.1051114880371093,520.1267322286758,527.0058361306992,525.3599853515625,518.9000244140625,LOSS
2026-07-20,GLD,🏆 黄金,368.2499084472656,0.0737397314453125,366.5527428626617,369.94707403186953,368.789306640625,366.8299865722656,WIN
2026-07-20,USO,🛢️ 原油,123.88999938964844,0.6022988989257814,119.22632375087964,128.55367502841725,126.56999969482422,123.44010162353516,WIN
2026-07-20,UNG,🔥 天然气,10.274999618530272,0.42188078125,10.00407306437971,10.545926172680836,10.380000114440918,10.229999542236328,WIN
2026-07-20,SPY,📈 标普500,746.77001953125,0.0429783203125,744.7640869625509,748.7759520999491,748.72998046875,741.5103149414062,LOSS
2026-07-20,DIA,🏭 道琼斯,520.0750122070312,0.1261073718261718,515.975931398163,524.1740930158995,523.4000244140625,517.1599731445312,WIN
2026-07-20,QQQ,💻 纳指100,703.6799926757812,0.0647066186523437,700.8341956170715,706.525789734491,705.7999877929688,695.510009765625,LOSS
2026-07-21,GLD,🏆 黄金,374.0899963378906,0.1479577392578125,370.6306519543208,377.54934072146045,375.010009765625,371.0700073242188,WIN
2026-07-21,USO,🛢️ 原油,128.32000732421875,0.5561567822265626,123.85962967617334,132.78038497226416,129.3800048828125,127.5302963256836,WIN
2026-07-21,UNG,🔥 天然气,10.385000228881836,0.3828186718749999,10.136526979191704,10.633473478571968,10.449999809265137,10.279999732971191,WIN
2026-07-21,SPY,📈 标普500,748.2150268554688,0.0446872875976562,746.1252955998451,750.3047581110924,749.0399780273438,744.1900024414062,LOSS
2026-07-21,QQQ,💻 纳指100,708.706298828125,0.0825287060546875,705.0507604646817,712.3618371915683,710.0499877929688,702.8099975585938,LOSS
2026-07-21,DIA,🏭 道琼斯,521.6300048828125,0.1212856427001953,517.6758654831926,525.5841442824324,523.0001220703125,518.1300048828125,WIN
2026-07-22,GLD,🏆 黄金,381.5889892578125,0.114266669921875,378.8638078152285,384.3141707003965,382.2200012207031,378.8349914550781,LOSS
2026-07-22,USO,🛢️ 原油,130.9600067138672,0.2812571874999999,128.65791651615947,133.2620969115749,132.91000366210938,130.58999633789062,WIN
2026-07-22,UNG,🔥 天然气,10.524999618530272,0.257819921875,10.355402457318782,10.694596779741763,10.649999618530272,10.454999923706056,WIN
2026-07-22,SPY,📈 标普500,749.7999877929688,0.06055626953125,746.9621696582614,752.6378059276761,750.02001953125,746.3699951171875,LOSS
2026-07-22,QQQ,💻 纳指100,709.280029296875,0.1098721826171875,704.409395240273,714.150663353477,709.6472778320312,703.6400146484375,LOSS
2026-07-22,DIA,🏭 道琼斯,523.5700073242188,0.1107266662597656,519.9466847326805,527.193329915757,524.3699951171875,521.010009765625,WIN
2026-07-23,GLD,🏆 黄金,371.5,0.180672255859375,367.30501605926514,375.69498394073486,373.085205078125,370.5400085449219,WIN
2026-07-23,USO,🛢️ 原油,140.2550048828125,0.5136767382812499,135.7521465430735,144.7578632225515,142.3300018310547,138.14500427246094,WIN
2026-07-23,UNG,🔥 天然气,10.659899711608888,0.398443515625,10.394439216777426,10.925360206440349,10.739999771118164,10.585000038146973,WIN
2026-07-23,SPY,📈 标普500,738.5150146484375,0.0782562878417968,734.9029244258239,742.1271048710511,742.5599975585938,735.2100219726562,LOSS
2026-07-23,QQQ,💻 纳指100,692.4899291992188,0.1130459790039062,687.5972290744268,697.3826293240107,698.6599731445312,687.7999877929688,LOSS
2026-07-23,DIA,🏭 道琼斯,516.8657836914062,0.1222011608886718,512.9181837669861,520.8133836158264,518.1599731445312,514.719970703125,WIN
2026-07-24,GLD,🏆 黄金,374.1549987792969,0.0378514184570312,373.2698551901353,375.0401423684585,374.489990234375,371.0299987792969,LOSS
2026-07-24,USO,🛢️ 原油,134.50999450683594,0.7695335546875001,128.04062236847085,140.97936664520105,137.80999755859375,133.52999877929688,WIN
2026-07-24,UNG,🔥 天然气,10.725000381469728,0.710940390625,10.248448133928768,11.201552629010688,10.81999969482422,10.489999771118164,WIN
2026-07-24,SPY,📈 标普500,742.1599731445312,0.034189345703125,740.5741004014775,743.745845887585,743.719970703125,737.2899780273438,LOSS
2026-07-24,QQQ,💻 纳指100,689.6649780273438,0.0758149060058593,686.3970476845515,692.932908370136,692.6300048828125,682.47998046875,LOSS
2026-07-24,DIA,🏭 道琼斯,519.6300048828125,0.0366307275390624,518.4403533121884,520.8196564534366,520.5599975585938,516.27001953125,LOSS
2026-07-27,GLD,🏆 黄金,374.8315124511719,0.1106045971679687,372.2403819236392,377.4226429787045,375.5150146484375,372.9100036621094,WIN
2026-07-27,USO,🛢️ 原油,126.36000061035156,0.5742230078125,121.82507438424749,130.89492683645565,128.65499877929688,124.6999969482422,WIN
2026-07-27,UNG,🔥 天然气,10.159899711608888,0.460942890625,9.867203865263315,10.452595557954456,10.260000228881836,10.100000381469728,WIN
2026-07-27,SPY,📈 标普500,738.47998046875,0.0938811315917968,734.1468969547316,742.8130639827684,745.530029296875,735.8699951171875,LOSS
2026-07-27,QQQ,💻 纳指100,680.75,0.1422204919433593,674.6989625068474,686.8010374931526,692.280029296875,675.9450073242188,LOSS
2026-07-27,DIA,🏭 道琼斯,520.77001953125,0.1814657049560546,514.8636508616114,526.6763882008886,525.3300170898438,519.2999877929688,WIN
2026-07-28,GLD,🏆 黄金,370.9700012207031,0.2351150708007812,365.5187113393299,376.42129110207634,371.2300109863281,367.9800109863281,WIN
2026-07-28,USO,🛢️ 原油,119.2300033569336,0.5708050732421875,114.9764351820073,123.4835715318599,124.5457992553711,118.48999786376952,LOSS
2026-07-28,UNG,🔥 天然气,9.774999618530272,0.414068359375,9.522029740096768,10.02796949696378,10.020000457763672,9.75,WIN
2026-07-28,SPY,📈 标普500,741.4600219726562,0.07813421875,737.8391845007068,745.0808594446057,742.7901000976562,735.97998046875,LOSS
2026-07-28,QQQ,💻 纳指100,677.4149780273438,0.1370935900878906,671.6106498200263,683.2193062346612,679.4000244140625,667.8800048828125,LOSS
2026-07-28,DIA,🏭 道琼斯,527.9295043945312,0.1716391430664062,522.2661689111719,533.5928398778906,528.469970703125,523.6699829101562,WIN
2026-07-29,GLD,🏆 黄金,368.30029296875,0.2793040820312499,361.8710570162827,374.7295289212173,377.6199951171875,366.5260009765625,LOSS
2026-07-29,USO,🛢️ 原油,129.33999633789062,0.2089922851562499,127.65055500059331,131.02943767518792,130.29750061035156,128.01100158691406,WIN
2026-07-29,UNG,🔥 天然气,9.9350004196167,0.273444765625,9.765208303290052,10.104792535943346,10.030099868774414,9.8100004196167,WIN
2026-07-29,SPY,📈 标普500,732.6699829101562,0.213875048828125,722.8762436370431,742.4637221832694,742.6699829101562,729.0999755859375,LOSS
2026-07-29,QQQ,💻 纳指100,664.4299926757812,0.3245917150878905,650.9507132458771,677.9092721056854,680.0499877929688,661.1400146484375,LOSS
2026-07-29,DIA,🏭 道琼斯,517.7899780273438,0.2218095397949218,510.611805731302,524.9681503233855,523.1699829101562,514.8200073242188,WIN
2026-07-30,GLD,🏆 黄金,377.260009765625,0.1766439758300781,373.0949655127066,381.4250540185434,377.8599853515625,373.760009765625,WIN
2026-07-30,USO,🛢️ 原油,127.98999786376952,0.5502974658203126,123.5879621465958,132.39203358094326,129.2100067138672,126.91000366210938,WIN
2026-07-30,UNG,🔥 天然气,10.086400032043455,0.414068359375,9.825371337464196,10.347428726622718,10.109999656677246,9.81999969482422,LOSS
2026-07-30,SPY,📈 标普500,738.8499755859375,0.0623873059082031,735.9690468704907,741.7309043013843,742.4500122070312,734.5900268554688,LOSS
2026-07-30,QQQ,💻 纳指100,682.2789916992188,0.0853362951660156,678.6400441103928,685.9179392880447,685.1199951171875,673.2999877929688,LOSS
2026-07-30,DIA,🏭 道琼斯,519.4099731445312,0.1243984045410156,515.3716123969143,523.4483338921482,521.97998046875,515.8699951171875,WIN
2026-07-31,GLD,🏆 黄金,371.1499938964844,0.051767294921875,369.94915444684113,372.3508333461276,372.010009765625,368.8200073242188,LOSS
2026-07-31,USO,🛢️ 原油,128.88009643554688,0.25196060546875,126.85055223987366,130.90964063122007,130.97999572753906,127.9499969482422,LOSS
2026-07-31,UNG,🔥 天然气,9.94499969482422,0.2500075,9.789604412873985,10.100394976774457,10.079999923706056,9.880000114440918,WIN
2026-07-31,SPY,📈 标普500,744.0399780273438,0.0553072985839843,741.468050450895,746.6119056037925,748.9000244140625,737.6799926757812,LOSS
2026-07-31,QQQ,💻 纳指100,685.8200073242188,0.0969328588867187,681.6651014497409,689.9749131986966,695.77001953125,680.0499877929688,LOSS
2026-07-31,DIA,🏭 道琼斯,523.7100219726562,0.0571383349609375,521.8397770565391,525.5802668887734,525.6099853515625,519.25,LOSS
2026-08-03,GLD,🏆 黄金,370.30999755859375,0.0805756005859375,368.4451256550775,372.17486946211005,372.0350036621094,368.6427917480469,WIN
2026-08-03,USO,🛢️ 原油,121.05999755859376,0.585941640625,116.62661670962244,125.49337840756506,122.86000061035156,119.54010009765624,WIN
2026-08-03,UNG,🔥 天然气,10.05500030517578,0.445318046875,9.775145736599006,10.334854873752557,10.135000228881836,9.995100021362305,WIN
2026-08-03,SPY,📈 标普500,756.219970703125,0.0548190222167968,753.6290182422025,758.8109231640475,758.5800170898438,748.7999877929688,LOSS
2026-08-03,QQQ,💻 纳指100,698.1900024414062,0.0825287060546875,694.5887075987932,701.7912972840193,701.5900268554688,685.8200073242188,LOSS
2026-08-03,DIA,🏭 道琼斯,529.1300048828125,0.1268397863769531,524.9353338337518,533.3246759318732,531.6400146484375,528.7000122070312,WIN
2026-08-04,GLD,🏆 黄金,374.9549865722656,0.14649291015625,371.5219711247301,378.3880020198012,376.6799926757813,373.7099914550781,WIN
2026-08-04,USO,🛢️ 原油,116.2699966430664,0.5136767382812499,112.53717210334251,120.0028211827903,117.62000274658205,114.85749816894533,WIN
2026-08-04,UNG,🔥 天然气,9.734999656677246,0.6250037500000001,9.354723950947747,10.115275362406743,9.789999961853027,9.6899995803833,WIN
2026-08-04,SPY,📈 标普500,769.260009765625,0.053720400390625,766.6772000325559,771.8428194986941,773.4099731445312,760.52001953125,LOSS
2026-08-04,QQQ,💻 纳指100,719.7949829101562,0.0750824914550781,716.4172328692963,723.1727329510162,725.6500244140625,707.5900268554688,LOSS
2026-08-04,DIA,🏭 道琼斯,540.4650268554688,0.1245815081787109,536.2567800952498,544.6732736156877,542.0800170898438,535.9949951171875,LOSS
2026-08-05,GLD,🏆 黄金,388.5549926757813,0.0798431860351562,386.6160258904624,390.4939594611001,391.510009765625,384.3200073242188,LOSS
2026-08-05,USO,🛢️ 原油,115.54000091552734,0.32617861328125,113.18458358570602,117.89541824534868,116.01000213623048,113.86000061035156,WIN
2026-08-05,UNG,🔥 天然气,9.78499984741211,0.3437565625,9.57477122793652,9.995228466887696,9.826499938964844,9.699999809265137,WIN
2026-08-05,SPY,📈 标普500,771.4199829101562,0.0627535131835937,768.3944007809288,774.4455650393837,776.8499755859375,769.52001953125,LOSS
2026-08-05,QQQ,💻 纳指100,721.393798828125,0.0959563061523437,717.0674060645779,725.7201915916721,728.5399780273438,716.9199829101562,LOSS
2026-08-05,DIA,🏭 道琼斯,544.70751953125,0.136178071899414,540.0714432963201,549.3435957661799,546.75,542.6500244140625,WIN
2026-08-06,GLD,🏆 黄金,389.6400146484375,0.2933420275878905,382.4964026530408,396.7836266438342,392.1000061035156,387.2699890136719,WIN
2026-08-06,USO,🛢️ 原油,114.87999725341795,0.6391637646484375,110.29080153296192,119.46919297387402,119.7300033569336,116.19000244140624,LOSS
2026-08-06,UNG,🔥 天然气,9.739999771118164,0.6171913281250001,9.364284558951065,10.115714983285264,9.729999542236328,9.550000190734863,WIN
2026-08-06,SPY,📈 标普500,769.7899780273438,0.1768881140136718,761.279559439851,778.3003966148365,771.8200073242188,767.4600219726562,WIN
2026-08-06,QQQ,💻 纳指100,717.2999877929688,0.2382888671874999,706.6172001976691,727.9827753882684,719.3200073242188,708.5,WIN
2026-08-06,DIA,🏭 道琼斯,542.8099975585938,0.1788412194824218,536.7426974391794,548.8772976780081,544.5700073242188,537.6900024414062,WIN
2026-08-07,GLD,🏆 黄金,399.114990234375,0.147469462890625,395.4364106567837,402.7935698119663,400.6600036621094,396.9500122070313,WIN
2026-08-07,USO,🛢️ 原油,119.48999786376952,0.3544986425781249,116.84255773599644,122.1374379915426,120.0999984741211,117.51000213623048,WIN
2026-08-07,UNG,🔥 天然气,9.710000038146973,0.70312796875,9.283289250435429,10.136710825858517,9.8100004196167,9.68000030517578,WIN
2026-08-07,SPY,📈 标普500,773.2899780273438,0.06055626953125,770.3632557563914,776.2167002982961,773.9199829101562,769.6099853515625,LOSS
2026-08-07,QQQ,💻 纳指100,722.739990234375,0.0686128295898437,719.6406629976427,725.8393174711073,723.6300048828125,716.510009765625,LOSS
2026-08-07,DIA,🏭 道琼斯,538.9550170898438,0.0988859643554687,535.6240741767721,542.2859600029154,540.219970703125,537.4299926757812,WIN
2026-08-10,GLD,🏆 黄金,399.0299987792969,0.1062101098632812,396.3811850287285,401.6788125298653,403.239990234375,395.9299926757813,LOSS
2026-08-10,USO,🛢️ 原油,124.43499755859376,0.5043994873046875,120.51218824788658,128.35780686930093,126.27629852294922,122.05999755859376,WIN
2026-08-10,UNG,🔥 天然气,10.21500015258789,0.335944140625,10.000520812103805,10.429479493071977,10.229999542236328,10.130000114440918,WIN
2026-08-10,SPY,📈 标普500,773.3099975585938,0.0754486987304687,769.6634204941527,776.9565746230348,775.030029296875,771.8900146484375,WIN
2026-08-10,QQQ,💻 纳指100,721.280029296875,0.1049894189453125,716.547106098579,726.012952495171,724.6699829101562,720.3300170898438,WIN
2026-08-10,DIA,🏭 道琼斯,539.3800048828125,0.1313563427734375,534.9518183324046,543.8081914332204,540.02001953125,537.9199829101562,WIN
2026-08-11,GLD,🏆 黄金,401.0899963378906,0.3044503149414062,393.4579978563333,408.721994819448,404.0050048828125,399.8900146484375,WIN
2026-08-11,USO,🛢️ 原油,126.94000244140624,0.4292049267578125,123.53479778824996,130.3452070945625,127.83000183105467,124.4800033569336,WIN
2026-08-11,UNG,🔥 天然气,10.04990005493164,0.3125068749999999,9.853608626167327,10.246191483695954,10.21500015258789,10.020000457763672,WIN
2026-08-11,SPY,📈 标普500,771.885009765625,0.0754486987304687,768.2451522933518,775.5248672378982,774.6099853515625,769.3400268554688,WIN
2026-08-11,QQQ,💻 纳指100,719.280029296875,0.1182949499511718,713.9620796052155,724.5979789885345,723.2999877929688,715.7899780273438,WIN
2026-08-11,DIA,🏭 道琼斯,538.6699829101562,0.1284877191162109,534.3442030688753,542.9957627514372,541.7150268554688,536.9450073242188,WIN
2026-08-12,GLD,🏆 黄金,405.4397888183594,0.1462487719726562,401.73384686688826,409.1457307698305,407.2799987792969,403.2200012207031,WIN
2026-08-12,USO,🛢️ 原油,127.11000061035156,0.2802806347656249,124.88334613184354,129.33665508885957,127.83000183105467,125.86009979248048,WIN
2026-08-12,UNG,🔥 天然气,10.220000267028809,0.42188078125,9.950523910964476,10.48947662309314,10.300000190734863,10.170000076293944,WIN
2026-08-12,SPY,📈 标普500,771.97998046875,0.0570162658691406,769.2290169804962,774.7309439570038,774.8699951171875,771.2899780273438,LOSS
2026-08-12,QQQ,💻 纳指100,723.5599975585938,0.0932707861328125,719.3420594469346,727.7779356702529,727.25,722.9199829101562,WIN
2026-08-12,DIA,🏭 道琼斯,537.3099975585938,0.1004118280029296,533.9379801173995,540.682014999788,539.1849975585938,536.8599853515625,WIN
2026-08-13,GLD,🏆 黄金,400.6000061035156,0.1794515649414062,396.1069874778398,405.0930247291914,402.5799865722656,398.2799987792969,WIN
2026-08-13,USO,🛢️ 原油,126.23999786376952,0.39649041015625,123.1116885805739,129.36830714696515,126.95999908447266,123.1937026977539,WIN
2026-08-13,UNG,🔥 天然气,10.029899597167969,0.42188078125,9.765435729798453,10.294363464537486,10.114999771118164,9.890000343322754,WIN
2026-08-13,SPY,📈 标普500,775.7000122070312,0.1021818298339843,770.7461092914339,780.6539151226286,779.3699951171875,774.1110229492188,WIN
2026-08-13,QQQ,💻 纳指100,730.6799926757812,0.1779867358398437,722.551783498291,738.8082018532715,733.9600219726562,724.0399780273438,WIN
2026-08-13,DIA,🏭 道琼斯,536.260009765625,0.1077970080566406,532.6470582285525,539.8729613026975,539.9669799804688,535.6900024414062,LOSS
2026-08-14,GLD,🏆 黄金,402.2300109863281,0.1264735791015624,399.05054416685925,405.409477805797,403.3299865722656,400.9400024414063,WIN
2026-08-14,USO,🛢️ 原油,125.86000061035156,0.15430533203125,124.64619628637446,127.07380493432866,126.91999816894533,124.16999816894533,LOSS
2026-08-14,UNG,🔥 天然气,10.095000267028809,0.398443515625,9.843607304739416,10.3463932293182,10.130000114440918,9.899999618530272,WIN
2026-08-14,SPY,📈 标普500,776.1099853515625,0.069345244140625,772.7462643256762,779.4737063774488,778.7999877929688,775.4299926757812,WIN
2026-08-14,QQQ,💻 纳指100,728.9099731445312,0.1267177172851562,723.1371101505775,734.682836138485,734.3900146484375,728.3200073242188,WIN
2026-08-14,DIA,🏭 道琼斯,536.8699951171875,0.0590914404296875,534.8872187837529,538.8527714506221,538.280029296875,536.2000122070312,WIN
2026-08-17,GLD,🏆 黄金,405.1300048828125,0.0985197570800781,402.6354230286309,407.6245867369941,406.2300109863281,402.1799926757813,LOSS
2026-08-17,USO,🛢️ 原油,126.8499984741211,0.4321345849609375,123.42398150893922,130.27601543930297,130.57000732421875,126.37000274658205,LOSS
2026-08-17,UNG,🔥 天然气,9.765000343322754,0.3828186718749999,9.531361314429644,9.998639372215862,9.850000381469728,9.720000267028809,WIN
2026-08-17,SPY,📈 标普500,775.2449951171875,0.0413914221191406,773.2394643147721,777.2505259196029,776.7750244140625,772.510009765625,LOSS
2026-08-17,QQQ,💻 纳指100,733.489990234375,0.0352879675292968,731.8722795494716,735.1077009192784,734.5800170898438,729.27001953125,LOSS
2026-08-17,DIA,🏭 道琼斯,534.5499877929688,0.0972380316162109,531.3013260046276,537.7986495813099,535.9749755859375,533.5,WIN
2026-08-18,GLD,🏆 黄金,400.3200073242188,0.2273026489257812,394.6328949440448,406.0071197043927,404.2999877929688,397.8699951171875,WIN
2026-08-18,USO,🛢️ 原油,130.85000610351562,0.3657289990234375,127.85902849386254,133.84098371316873,132.25,130.13999938964844,WIN
2026-08-18,UNG,🔥 天然气,9.895000457763672,0.3203192968749999,9.69690298343813,10.093097932089211,10.100000381469728,9.84000015258789,LOSS
2026-08-18,SPY,📈 标普500,767.8400268554688,0.0734955932617187,764.312973211479,771.3670804994586,769.5,766.9199829101562,WIN
2026-08-18,QQQ,💻 纳指100,716.3350219726562,0.1402673864746093,710.0551193868853,722.6149245584272,722.1300048828125,715.9199829101562,WIN
2026-08-18,DIA,🏭 道琼斯,533.469970703125,0.1130459790039062,529.7008060089175,537.2391353973325,534.1900024414062,532.02001953125,WIN
2026-08-19,GLD,🏆 黄金,411.3399963378906,0.1450280810546875,407.6115056922702,415.06848698351104,414.0,407.4700012207031,LOSS
2026-08-19,USO,🛢️ 原油,132.3000030517578,0.194343994140625,130.69302111313934,133.9069849903763,133.36000061035156,130.4405059814453,LOSS
2026-08-19,UNG,🔥 天然气,10.234999656677246,0.3125068749999999,10.035092921781354,10.434906391573138,10.329999923706056,10.0,LOSS
2026-08-19,SPY,📈 标普500,771.8699951171875,0.0560397131347656,769.1665342982062,774.5734559361688,772.469970703125,768.1099853515625,LOSS
2026-08-19,QQQ,💻 纳指100,718.3150024414062,0.1012052770996093,713.7714231372257,722.8585817455868,721.4998779296875,712.6099853515625,LOSS
2026-08-19,DIA,🏭 道琼斯,536.219970703125,0.0891204370117187,533.2332108204079,539.2067305858421,536.6799926757812,533.5800170898438,WIN
2026-08-20,GLD,🏆 黄金,415.8399963378906,0.1700522448730469,411.420338532562,420.2596541432192,416.4500122070313,409.8200073242188,LOSS
2026-08-20,USO,🛢️ 原油,134.25999450683594,0.3295965478515624,131.4942675878345,137.02572142583736,135.16990661621094,133.143798828125,WIN
2026-08-20,UNG,🔥 天然气,9.885000228881836,0.367193828125,9.65814328669061,10.111857171073062,10.010000228881836,9.829999923706056,WIN
2026-08-20,SPY,📈 标普500,766.6799926757812,0.0876556079101562,762.4797551238719,770.8802302276906,768.1500244140625,762.0499877929688,LOSS
2026-08-20,QQQ,💻 纳指100,712.4099731445312,0.1472253247070312,705.8546737932355,718.965272495827,714.9400024414062,708.52001953125,WIN
2026-08-20,DIA,🏭 道琼斯,530.8900146484375,0.1042570043945312,527.430701986549,534.349327310326,531.780029296875,527.2100219726562,LOSS
2026-08-21,GLD,🏆 黄金,421.5249938964844,0.106454248046875,418.720423505346,424.3295642876228,424.8900146484375,419.4200134277344,LOSS
2026-08-21,USO,🛢️ 原油,134.50950622558594,0.2407302490234374,132.48572454247935,136.5332879086925,135.91000366210938,133.88999938964844,WIN
2026-08-21,UNG,🔥 天然气,10.104999542236328,0.4687553125,9.808951278596744,10.401047805875912,10.130000114440918,9.989999771118164,WIN
2026-08-21,SPY,📈 标普500,765.9149780273438,0.0507907421875,763.4836411406856,768.3463149140019,767.8499755859375,764.1699829101562,WIN
2026-08-21,QQQ,💻 纳指100,712.5,0.0621431677246093,709.7326870622635,715.2673129377365,715.6699829101562,709.2000122070312,LOSS
2026-08-21,DIA,🏭 道琼斯,530.969970703125,0.065439033203125,528.798335606706,533.141605799544,532.9099731445312,529.4299926757812,WIN
2026-08-24,GLD,🏆 黄金,428.3699951171875,0.1518639501953125,424.3041226419599,432.4358675924152,429.4200134277344,424.2099914550781,LOSS
2026-08-24,USO,🛢️ 原油,132.2050018310547,0.41992767578125,128.73521813445652,135.67478552765286,133.74000549316406,131.14999389648438,WIN
2026-08-24,UNG,🔥 天然气,10.180100440979004,0.4804739453125,9.874395877069334,10.485805004888674,10.309700012207031,10.095000267028809,WIN
2026-08-24,SPY,📈 标普500,762.5499877929688,0.0665376550292968,759.3788447910711,765.7211307948664,765.219970703125,762.0800170898438,WIN
2026-08-24,QQQ,💻 纳指100,705.22998046875,0.0843597424316406,701.5116667495366,708.9482941879634,709.7899780273438,702.7000122070312,LOSS
2026-08-24,DIA,🏭 道琼斯,532.9299926757812,0.1380091082763672,528.333168109349,537.5268172422135,534.47998046875,531.8599853515625,WIN
2026-08-25,GLD,🏆 黄金,425.55999755859375,0.0727631787109375,423.6246789239324,427.4953161932551,428.139892578125,422.3299865722656,LOSS
2026-08-25,USO,🛢️ 原油,128.02999877929688,0.4985401708984375,124.04074268732454,132.01925487126925,129.6999969482422,126.08999633789062,WIN
2026-08-25,UNG,🔥 天然气,10.023500442504885,0.2968820312499999,9.8375131192795,10.209487765730266,10.239999771118164,9.880000114440918,LOSS
2026-08-25,SPY,📈 标普500,764.7999877929688,0.0460300476074218,762.5997515524522,767.0002240334853,766.780029296875,763.0501098632812,WIN
2026-08-25,QQQ,💻 纳指100,710.1500244140625,0.0568941967773437,707.6248109621595,712.6752378659655,714.0399780273438,707.4500122070312,LOSS
2026-08-25,DIA,🏭 道琼斯,534.0333251953125,0.1359949682617187,529.4942098758977,538.5724405147273,536.39501953125,533.1849975585938,WIN
2026-08-26,GLD,🏆 黄金,421.7200012207031,0.1613853393554687,417.4662871263286,425.9737153150776,424.9500122070313,420.30999755859375,WIN
2026-08-26,USO,🛢️ 原油,128.72999572753906,0.0937590625,127.97564549534889,129.48434595972927,129.4600067138672,125.41000366210938,LOSS
2026-08-26,UNG,🔥 天然气,10.44499969482422,0.2890696093749999,10.256291445967667,10.63370794368077,10.510000228881836,10.300000190734863,WIN
2026-08-26,SPY,📈 标普500,765.1300048828125,0.1232997827148437,759.2337321733963,771.0262775922287,767.3499755859375,763.9299926757812,WIN
2026-08-26,QQQ,💻 纳指100,709.3200073242188,0.1964191687011718,700.6122544378605,718.027760210577,713.02001953125,707.969970703125,WIN
2026-08-26,DIA,🏭 道琼斯,534.030029296875,0.1384363500976562,529.4094562907247,538.6506023030253,535.9500122070312,533.3099975585938,WIN
2026-08-27,GLD,🏆 黄金,422.6000061035156,0.022470712890625,422.0064983907201,423.1935138163112,423.3500061035156,418.4299926757813,LOSS
2026-08-27,USO,🛢️ 原油,130.00999450683594,0.3374089697265625,127.26833586304171,132.75165315063015,130.9591064453125,127.4800033569336,WIN
2026-08-27,UNG,🔥 天然气,10.43000030517578,0.35938140625,10.195728544121906,10.664272066229657,10.729499816894531,10.40999984741211,LOSS
2026-08-27,SPY,📈 标普500,771.0999755859375,1.0000000000000004e-05,771.0994936484527,771.1004575234223,772.35498046875,767.1599731445312,LOSS
2026-08-27,QQQ,💻 纳指100,721.1099853515625,1.0000000000000004e-05,721.1095346578217,721.1104360453033,721.3499755859375,714.5250244140625,LOSS
2026-08-27,DIA,🏭 道琼斯,535.219970703125,0.0979094116210937,531.9447786769124,538.4951627293376,536.6300048828125,532.9400024414062,WIN
2026-08-28,GLD,🏆 黄金,422.6000061035156,0.007822421875,422.39339638275817,422.8066158242731,,,
2026-08-28,USO,🛢️ 原油,130.00999450683594,1.0000000000000003e-05,130.00991325058936,130.0100757630825,,,
2026-08-28,UNG,🔥 天然气,10.430000305175781,0.062509375,10.389252005155384,10.470748605196178,,,
2026-08-28,SPY,📈 标普500,771.0999755859375,1.0000000000000003e-05,771.0994936484527,771.1004575234223,,,
2026-08-28,QQQ,💻 纳指100,721.1099853515625,1.0000000000000003e-05,721.1095346578217,721.1104360453033,,,
2026-08-28,DIA,🏭 道琼斯,535.219970703125,1.0000000000000003e-05,535.2196361906433,535.2203052156067,,,
